Body,Body_color
29,5
1,12
3,5
28,1
28,4
3,6
32,5
9,10
5,6
3,15
34,6
1,36
1,60
33,2
2,7
31,3
15,4
30,6
6,3
2,2
33,8
32,2
1,10
25,3
33,4
19,10
3,5
32,2
13,5
3,2
10,3
23,6
29,5
10,16
20,3
11,10
25,11
33,2
31,2
11,7
9,5
11,1
19,5
1,4
10,13
31,1
2,6
1,15
18,2
15,6
19,10
1,15
19,5
3,5
19,5
12,4
1,23
13,2
19,5
1,18
15,7
1,8
25,4
14,4
29,6
6,1
1,28
27,2
25,1
3,5
3,1
4,12
15,2
24,4
33,4
19,10
1,1
33,5
6,6
3,2
5,1
25,11
18,11
10,8
19,5
6,6
2,4
10,7
28,2
3,2
24,4
32,7
33,8
3,18
32,5
33,8
1,46
5,1
2,7
2,7
32,3
28,2
1,20
10,6
15,8
7,1
6,1
33,5
25,11
1,43
18,2
1,43
34,9
7,2
2,2
19,10
14,5
32,8
27,2
1,4
33,1
7,9
21,3
7,7
3,8
15,2
13,6
1,57
28,3
19,4
5,1
14,5
20,2
29,8
18,9
34,2
30,8
2,1
1,58
22,1
5,2
11,11
21,4
31,10
28,1
2,8
25,7
1,17
18,5
29,8
18,5
7,9
29,8
19,3
28,4
33,4
24,2
34,6
25,10
3,10
18,5
21,2
1,29
3,9
25,10
21,1
29,1
3,7
12,2
25,4
1,29
3,10
1,13
1,25
1,1
10,4
18,2
11,5
5,1
1,8
1,15
1,2
32,8
34,8
9,7
32,1
20,6
10,3
1,19
5,6
1,49
9,10
27,2
3,6
10,7
3,6
27,4
24,4
27,4
29,8
32,8
9,3
7,6
21,6
32,10
5,6
13,4
27,3
34,10
32,10
5,5
29,8
25,12
23,3
23,2
9,1
13,2
1,4
5,5
19,7
32,7
10,10
25,1
6,1
19,5
18,8
21,4
1,2
31,2
14,2
30,8
5,1
20,7
1,21
34,2
23,3
33,2
1,12
1,34
3,1
22,6
20,6
14,6
31,10
4,8
11,9
1,22
27,1
11,8
24,5
19,7
7,3
25,10
11,11
1,55
11,9
1,21
1,16
1,42
33,2
33,1
19,3
9,4
18,3
24,3
21,7
14,2
27,2
1,20
32,10
34,8
31,2
9,5
22,2
3,6
5,3
1,9
25,6
9,10
22,6
3,10
7,9
2,4
20,5
3,20
24,7
1,2
3,2
1,11
20,7
23,7
1,15
27,2
2,1
25,3
8,2
14,5
14,2
4,9
31,2
15,2
13,1
2,1
29,8
5,2
23,5
23,7
14,6
1,29
27,2
3,5
10,12
11,1
21,4
12,1
20,2
1,53
11,8
1,22
9,2
24,4
28,3
4,6
5,1
25,3
31,9
9,3
5,3
5,5
6,1
13,6
3,10
1,34
3,6
3,9
25,3
18,8
7,8
31,2
1,1
32,5
14,4
32,2
7,9
6,4
34,9
4,2
5,3
25,2
25,11
2,8
19,6
20,7
20,7
5,6
11,4
25,5
20,7
31,6
11,6
1,15
3,1
25,8
25,10
2,13
3,6
10,6
14,1
12,2
19,9
8,1
32,2
5,5
18,3
14,2
32,3
2,7
32,7
19,1
1,8
34,3
5,5
32,10
1,36
25,7
33,8
7,6
28,3
1,23
11,9
25,12
13,3
19,8
5,1
21,3
31,1
32,2
24,3
19,5
7,7
13,7
1,1
18,10
2,8
29,5
9,1
1,2
1,29
21,6
2,6
31,9
4,4
19,10
1,6
34,7
10,5
1,2
9,9
27,1
1,14
4,8
2,1
23,7
22,3
27,1
32,3
29,1
2,1
2,7
22,5
19,1
3,10
13,5
15,4
34,9
21,4
3,1
3,3
1,38
25,11
23,4
1,57
32,6
3,5
25,6
9,4
1,17
9,7
6,6
21,2
14,2
5,5
1,3
22,5
25,7
15,1
32,3
24,3
27,1
28,3
21,6
23,7
32,7
20,3
29,6
9,4
24,2
32,8
33,5
33,1
1,58
32,1
28,1
33,2
1,21
1,47
34,2
9,2
1,46
3,10
9,1
3,5
5,3
34,10
28,4
1,10
10,3
4,3
3,5
7,3
18,10
34,5
25,10
4,12
5,5
33,1
19,9
27,3
3,10
1,26
22,1
32,1
1,12
3,10
7,4
29,1
3,6
33,7
6,1
27,5
6,6
11,9
28,3
30,10
1,10
11,3
6,1
5,5
25,6
28,1
11,9
1,34
21,4
21,1
1,21
33,2
10,3
9,8
18,12
29,8
32,10
30,10
1,47
1,1
3,3
5,1
18,10
30,6
6,2
14,1
23,4
2,5
1,49
1,10
34,8
24,6
29,5
31,9
13,2
15,6
20,4
25,3
10,6
30,5
9,4
34,3
3,16
13,3
33,2
30,6
21,3
22,2
5,2
3,15
23,5
13,8
21,2
3,20
5,5
3,1
31,8
1,2
1,15
32,2
2,8
9,1
34,10
19,5
3,1
22,6
1,21
3,2
1,14
14,3
5,6
7,9
1,36
7,4
32,9
34,9
10,2
33,2
32,4
33,9
23,6
31,7
10,16
6,6
27,1
18,7
1,17
32,6
25,7
14,6
1,15
13,2
22,5
19,5
1,36
1,58
1,13
28,1
1,14
25,14
18,7
6,5
33,1
25,5
23,4
34,5
1,27
4,12
21,4
22,3
1,42
24,7
33,6
32,7
23,3
34,10
1,4
33,2
28,2
31,2
1,3
10,1
19,9
32,10
4,6
14,3
19,2
32,4
22,2
3,7
32,10
33,1
20,6
11,8
20,6
20,7
19,6
33,7
34,2
21,7
1,34
34,7
1,8
18,10
24,2
23,1
24,4
23,4
4,1
29,5
25,9
21,4
25,1
23,3
11,1
3,3
32,4
10,7
19,4
1,5
10,3
1,3
29,1
28,3
9,2
14,4
34,2
25,1
7,3
31,6
33,2
10,11
29,1
1,47
14,1
1,21
24,4
33,6
11,2
13,9
22,5
29,2
27,2
5,6
9,9
25,11
32,5
22,2
10,4
24,6
4,9
3,2
1,41
29,10
14,1
32,2
5,1
23,3
18,3
25,9
25,8
1,44
3,5
1,29
14,3
27,3
10,3
7,4
7,6
28,3
28,1
5,2
6,1
1,16
15,2
13,4
9,8
21,5
3,7
18,4
31,6
27,2
13,8
21,5
31,1
30,10
1,34
30,10
25,10
15,2
32,1
33,1
1,15
11,11
34,2
24,4
12,1
25,1
33,7
3,9
21,5
34,3
2,11
1,21
1,13
15,3
1,21
25,1
31,8
21,6
25,11
1,24
15,7
5,5
1,34
12,1
1,1
29,8
32,10
2,1
14,5
11,11
19,5
3,2
17,1
2,1
32,1
1,50
3,7
3,1
11,6
5,1
20,2
1,11
7,3
30,3
3,5
27,1
19,2
21,2
19,3
1,17
19,7
1,48
4,1
26,2
20,7
25,8
9,10
3,3
3,3
33,5
1,1
3,16
3,9
30,10
1,58
1,22
25,6
2,6
31,1
29,1
31,8
7,4
7,6
14,2
14,6
34,10
28,4
24,4
20,3
1,7
18,7
6,7
7,3
1,59
19,5
33,6
19,10
34,6
28,1
21,6
3,5
30,5
4,3
15,2
3,2
12,2
1,19
14,4
18,10
20,6
1,20
27,4
3,19
19,7
6,8
3,13
9,7
33,1
6,1
15,1
29,6
27,3
2,5
6,3
29,9
29,1
1,1
19,9
1,22
6,4
1,55
12,5
28,4
7,3
32,8
34,8
1,37
19,7
14,1
1,10
32,1
18,2
4,11
25,10
24,4
33,4
14,2
19,3
24,3
24,2
1,21
1,21
1,1
32,8
33,2
5,5
21,4
3,7
17,1
6,6
19,11
1,51
6,2
3,17
32,10
32,8
3,3
22,5
19,10
32,8
34,4
25,3
13,7
12,6
7,7
19,9
1,4
32,10
7,3
28,2
27,2
1,29
31,9
10,13
20,4
10,10
19,5
6,2
32,7
1,15
34,7
9,9
3,2
19,10
32,6
11,4
3,2
32,2
19,1
34,10
1,18
3,10
1,3
1,15
3,1
33,5
31,1
3,1
19,4
3,5
3,9
9,9
14,5
22,3
25,6
31,11
5,1
25,3
14,2
32,2
25,11
24,4
28,2
13,9
3,5
31,7
4,12
3,9
15,2
5,1
3,10
32,4
10,11
1,34
3,2
1,10
1,24
1,14
21,6
27,1
34,9
30,8
1,15
18,11
19,5
33,3
21,3
22,5
12,2
28,3
19,4
3,9
3,9
1,32
18,3
1,26
24,6
10,3
14,2
33,5
10,7
1,20
30,7
29,8
22,3
28,4
32,7
3,7
3,1
34,3
11,9
27,4
1,6
14,3
32,7
1,43
25,6
3,9
32,8
4,6
2,1
11,7
21,7
32,8
20,2
7,9
13,6
3,4
34,3
1,24
1,54
21,4
33,1
1,31
13,3
1,34
28,2
10,13
33,3
1,20
18,6
22,5
13,6
30,6
1,21
12,4
6,5
27,2
1,30
11,10
4,9
33,2
5,5
7,2
34,1
3,4
10,3
6,3
18,2
34,2
6,7
23,7
19,11
1,35
19,5
1,29
30,7
27,1
1,44
1,40
1,29
3,1
1,25
32,10
30,10
25,8
1,29
31,3
29,8
32,10
3,17
31,4
1,1
24,7
1,3
23,4
20,7
15,2
19,5
27,4
3,18
34,8
1,34
9,6
21,3
20,3
13,3
1,60
34,1
13,3
1,4
32,7
6,3
19,8
7,7
5,2
1,10
9,4
28,3
33,2
30,5
25,1
22,5
19,3
19,9
29,1
10,8
5,6
1,56
4,4
6,2
22,3
34,7
32,2
32,7
31,3
25,2
15,8
1,18
3,18
15,6
7,1
30,10
34,5
18,6
11,3
31,10
25,9
13,8
19,3
3,10
22,2
10,13
32,10
31,2
25,2
15,3
1,14
11,2
1,34
1,48
22,6
27,2
19,9
1,36
1,38
21,4
5,6
32,8
1,2
29,10
1,2
32,8
32,7
18,3
3,1
2,4
10,12
5,5
33,7
32,10
1,3
5,1
11,2
20,2
23,7
29,5
1,56
14,2
32,8
11,4
25,1
12,4
25,11
24,7
19,5
23,5
20,3
28,1
6,3
3,1
11,6
1,51
5,2
8,1
3,3
32,6
10,8
19,9
13,2
20,3
32,9
13,2
18,6
19,1
1,12
11,4
30,2
19,10
30,7
25,7
33,8
28,4
1,15
25,8
10,10
1,35
3,3
29,3
3,3
31,6
25,8
24,6
34,7
18,11
18,7
31,4
21,5
15,1
10,6
33,1
4,2
5,3
10,13
1,3
30,7
33,4
29,2
13,6
29,5
3,5
33,4
1,33
1,49
19,5
27,1
34,6
33,7
15,8
5,1
32,9
4,1
15,7
2,11
3,7
25,10
1,1
31,7
25,6
1,8
25,7
1,29
19,9
13,9
19,8
9,3
29,8
2,2
2,3
30,1
3,18
19,5
5,5
23,6
31,7
21,4
6,3
1,1
34,10
1,34
27,2
18,3
18,12
1,6
33,9
2,1
8,3
30,9
22,2
1,4
9,3
1,10
1,54
34,3
6,6
24,5
21,7
5,5
1,12
19,5
32,7
4,7
33,4
25,1
27,1
1,34
20,3
1,8
10,10
28,4
7,6
7,8
25,2
32,1
2,11
1,7
22,2
33,7
3,16
12,5
31,9
6,3
34,6
18,10
32,6
29,5
1,6
3,10
20,5
31,2
1,34
1,21
3,7
4,3
5,5
24,7
10,11
19,6
1,46
19,10
34,4
10,4
19,5
3,20
19,7
34,9
25,3
2,7
24,7
1,12
18,3
6,5
2,4
24,7
2,14
2,6
1,24
25,1
32,9
34,3
22,5
33,2
21,2
30,10
18,4
14,6
3,8
3,5
1,30
19,7
1,59
6,7
1,37
25,10
15,4
12,3
27,4
1,33
33,4
29,1
33,2
32,11
7,2
15,1
5,6
1,60
3,5
1,28
19,5
25,1
31,6
10,4
21,4
1,50
27,4
10,10
13,9
5,6
31,9
34,4
20,6
22,1
3,13
10,11
1,1
3,6
7,9
31,7
11,11
2,12
22,6
9,9
4,12
33,9
20,5
5,6
19,10
1,27
1,1
3,5
13,5
1,12
15,5
3,2
14,3
1,21
24,2
1,10
10,9
32,9
7,3
5,3
23,2
10,3
2,7
1,14
30,5
1,33
4,9
32,10
32,5
34,3
33,5
2,1
31,2
30,8
1,29
19,5
4,9
1,32
19,5
3,5
24,3
6,6
31,10
1,32
8,1
29,3
1,18
34,2
3,5
18,9
33,3
28,1
32,7
5,5
13,8
1,25
14,4
25,10
27,2
6,6
27,2
1,12
32,8
22,5
5,1
33,7
25,7
1,54
32,9
18,4
32,5
1,18
3,3
15,8
1,2
20,4
29,3
1,6
16,1
23,7
5,5
5,3
19,2
12,6
33,9
25,11
20,6
32,7
4,4
13,6
9,3
1,29
18,8
5,6
27,1
24,4
1,10
18,4
1,29
34,1
3,14
24,2
1,14
22,5
11,11
10,6
25,12
1,3
25,7
34,5
3,12
31,10
11,5
1,12
20,2
7,7
19,8
25,2
34,2
7,4
5,1
9,8
20,5
18,6
3,15
2,1
3,19
3,10
1,20
2,9
30,5
3,2
1,15
14,6
1,34
32,7
11,5
31,8
1,35
4,1
9,6
18,7
32,1
32,8
19,3
31,3
20,1
9,5
3,2
32,8
33,2
24,4
15,3
15,5
19,1
22,3
1,49
3,3
2,2
33,1
34,9
5,5
19,1
29,5
25,3
11,6
1,29
1,9
11,8
27,2
31,10
1,46
30,8
1,21
28,4
10,5
5,1
7,2
2,3
33,8
1,6
1,45
27,2
11,7
14,1
13,6
18,3
28,4
1,15
18,10
2,6
15,5
34,7
2,2
3,4
1,4
12,1
30,3
15,2
15,5
25,8
20,2
6,1
1,54
3,2
21,3
10,10
21,4
19,4
30,8
1,17
25,7
29,8
5,3
21,4
25,3
5,6
1,48
13,4
23,7
12,2
32,1
25,1
1,29
3,3
2,7
34,9
23,4
12,4
32,1
1,41
20,6
1,58
28,1
23,3
10,3
20,2
1,3
30,8
1,1
20,7
28,1
19,9
28,4
6,7
9,8
3,3
1,34
15,1
25,10
15,7
4,1
24,5
24,6
5,2
28,2
3,6
31,7
31,3
31,3
1,21
1,58
34,1
30,9
28,1
25,12
5,3
13,4
32,3
29,3
15,7
30,8
19,9
22,6
32,9
1,45
9,9
3,7
32,6
23,2
24,4
2,10
1,1
1,41
29,7
20,2
20,7
5,5
15,7
8,1
1,14
1,53
29,10
5,6
11,8
9,1
19,5
32,7
31,11
31,6
32,6
24,7
9,3
25,8
34,6
4,11
32,6
3,2
29,1
23,4
11,8
2,11
1,37
27,4
1,10
25,11
15,3
10,7
25,1
21,3
13,7
7,7
33,7
7,7
1,2
1,43
12,1
1,30
2,3
28,2
30,6
1,27
4,4
32,8
24,5
13,9
1,28
3,18
24,5
31,7
13,8
9,1
1,49
30,8
3,7
3,5
2,1
2,1
29,5
10,1
3,1
1,10
2,9
18,7
3,7
14,2
7,7
15,6
19,3
11,8
3,5
10,2
1,40
33,9
32,2
2,4
7,9
24,7
29,8
3,10
5,5
22,2
1,21
19,5
14,5
19,10
5,3
1,48
14,2
33,2
14,4
3,3
14,1
21,2
9,7
8,4
5,1
3,3
19,4
1,32
32,10
4,8
31,10
29,10
31,10
25,6
25,12
29,1
19,10
1,6
34,5
20,6
25,11
28,2
4,8
7,9
19,5
2,7
33,6
19,9
22,6
20,4
1,24
22,2
29,3
25,3
13,4
14,5
9,9
7,4
4,8
28,2
23,4
12,3
33,9
18,9
10,1
32,4
13,8
1,38
24,7
4,6
18,7
1,13
9,5
32,7
11,4
1,33
31,3
3,5
32,10
1,14
15,8
20,7
31,6
32,10
5,1
4,6
34,4
4,3
19,2
29,9
21,3
3,6
3,5
32,9
13,3
13,9
2,6
29,10
23,2
23,7
1,11
1,1
3,10
25,7
28,2
24,5
23,4
3,12
31,3
29,10
29,3
3,10
3,1
22,6
30,2
15,7
11,3
24,6
1,38
20,3
3,3
25,3
1,17
29,7
6,5
28,4
25,8
34,2
2,6
18,2
27,5
19,4
34,7
4,3
34,3
30,8
5,3
10,10
3,3
3,1
27,1
9,4
25,3
23,4
25,6
21,3
3,8
24,7
15,7
32,8
29,1
10,10
33,5
32,7
4,3
16,1
1,15
32,9
25,1
11,11
6,7
1,58
1,21
25,11
1,34
33,3
5,5
31,6
3,7
27,1
22,1
34,1
5,5
31,7
20,7
19,3
34,7
33,5
11,4
9,5
15,8
1,50
11,8
15,7
28,4
28,1
1,34
10,7
10,3
11,11
3,14
6,3
1,14
33,2
32,3
9,3
10,4
7,8
1,29
14,1
11,11
18,5
18,11
14,2
1,12
30,6
6,1
20,3
1,15
25,1
23,2
8,3
18,11
1,8
29,6
3,11
19,8
13,4
3,8
5,5
5,3
3,11
1,10
32,3
30,7
20,5
12,1
2,7
34,8
4,8
1,10
14,5
14,1
19,3
10,3
10,3
27,1
19,13
19,1
29,1
19,5
3,3
19,5
2,5
1,7
23,3
33,7
34,9
4,1
15,7
24,3
32,10
11,3
11,8
1,15
10,1
32,8
1,29
34,8
21,6
25,12
9,4
7,3
31,6
14,2
24,4
32,7
30,8
1,18
15,1
21,3
28,2
32,1
30,8
3,1
3,2
13,2
13,9
29,7
24,4
25,10
1,10
19,3
31,4
1,44
10,10
34,6
5,6
30,10
32,10
5,2
1,39
21,4
19,10
7,7
33,2
5,2
18,12
10,3
3,12
29,10
29,1
1,6
31,3
22,5
10,3
23,3
32,4
2,11
1,8
20,6
1,39
1,60
1,53
11,3
13,5
19,13
29,10
1,53
3,14
5,5
14,6
25,6
21,3
6,4
1,37
28,3
34,10
23,5
5,2
22,5
1,2
15,3
19,2
18,11
29,1
13,7
18,11
10,1
9,7
11,3
1,49
31,1
21,4
15,6
29,5
29,10
24,6
32,7
31,3
5,6
25,1
33,5
25,8
11,1
31,6
24,4
5,6
3,16
22,6
1,4
31,10
3,10
19,5
10,11
1,16
3,3
33,8
14,4
1,3
1,27
11,10
27,2
11,6
33,3
3,3
14,4
24,2
13,1
30,2
33,2
25,2
9,4
27,1
33,2
32,7
15,2
21,4
10,4
34,7
21,4
9,6
11,10
29,10
1,6
3,10
1,5
25,10
28,1
1,25
6,2
3,2
29,9
23,6
4,3
3,5
2,7
3,10
32,2
25,10
3,1
1,24
9,1
9,4
1,8
1,1
33,5
2,10
30,10
13,9
30,10
19,4
11,5
14,3
3,5
5,5
34,3
1,1
1,3
2,8
10,11
28,3
19,4
32,1
13,3
15,2
13,4
12,1
7,6
1,46
27,2
19,6
22,5
32,7
18,4
23,4
1,6
6,6
2,2
3,10
33,8
1,14
23,2
9,8
23,5
1,43
31,8
1,13
7,4
18,7
3,7
33,7
19,7
1,24
24,7
32,8
19,3
25,5
13,7
28,1
11,1
2,1
3,12
14,5
14,5
3,3
1,10
1,54
13,5
5,6
17,1
1,2
9,7
1,56
1,10
3,5
23,7
27,3
25,10
7,3
1,25
2,1
34,6
4,7
28,1
28,2
21,7
11,8
21,3
4,11
10,5
24,7
1,30
20,7
32,10
3,1
5,3
5,1
13,7
7,9
9,9
7,7
13,7
3,18
25,11
9,6
18,3
33,2
18,5
13,7
3,3
29,8
3,5
1,29
18,5
5,3
3,10
9,2
5,4
15,1
1,11
4,11
15,8
29,1
12,6
25,1
24,4
32,8
31,2
5,5
24,3
13,9
32,1
14,2
1,1
9,6
28,4
27,1
34,9
9,5
1,21
25,12
1,31
21,3
28,1
1,1
28,1
24,6
1,51
5,6
1,4
1,53
32,8
3,5
22,3
6,1
9,9
14,5
10,3
5,6
11,6
13,5
14,2
9,1
3,11
19,1
7,9
15,2
32,10
7,3
25,10
3,5
11,9
1,8
5,5
21,4
33,6
1,40
24,3
31,10
31,10
3,10
12,5
34,4
34,8
3,16
29,6
2,8
21,6
1,51
29,6
18,10
1,57
25,2
34,3
5,5
6,5
25,10
2,4
20,4
28,4
30,2
13,3
10,13
1,2
13,1
28,1
2,1
1,34
9,10
29,1
14,4
9,10
11,1
6,6
27,5
34,8
14,6
31,10
27,2
15,3
18,6
25,2
31,10
25,6
2,10
2,1
20,7
11,3
24,5
3,6
2,11
1,52
28,3
9,2
29,2
4,3
29,1
31,3
29,6
25,6
19,5
3,11
23,3
5,2
1,55
25,10
1,29
18,11
33,2
2,7
9,9
33,8
18,11
1,44
14,1
21,6
13,2
33,6
1,39
5,3
33,2
5,5
27,2
16,1
19,8
29,6
6,1
1,53
1,35
1,4
21,6
2,4
3,7
2,3
31,10
1,15
1,16
27,1
1,19
32,2
19,9
20,3
23,6
13,7
29,1
5,5
3,4
23,4
3,10
10,7
1,34
25,7
1,20
6,6
13,6
2,2
2,11
1,46
25,12
33,2
7,3
32,1
31,10
33,3
6,1
24,5
3,3
4,3
1,19
29,9
1,23
9,5
7,8
34,4
11,8
32,5
1,21
13,1
22,5
4,3
5,6
25,10
22,6
21,3
7,9
27,2
18,3
1,21
1,41
5,6
3,7
12,5
3,2
18,7
2,1
1,2
1,21
6,6
31,2
33,6
31,2
19,5
15,6
27,3
32,6
32,8
31,7
28,3
1,10
5,1
10,7
18,8
31,8
28,2
10,8
24,4
18,4
2,1
3,1
20,6
1,13
32,9
10,12
1,32
24,4
20,2
14,2
29,2
31,4
34,2
18,4
1,37
23,3
32,10
34,6
15,2
7,4
12,1
1,1
1,6
19,3
20,4
25,1
1,16
3,9
1,26
29,2
2,6
1,26
34,5
1,40
1,3
23,4
32,7
32,1
6,7
19,5
25,1
25,1
11,10
11,7
5,1
24,4
25,1
22,1
31,3
23,3
11,4
23,4
13,5
1,24
25,1
20,6
1,58
19,3
1,40
1,22
11,10
1,9
6,6
9,5
31,7
19,3
9,10
9,2
1,4
29,3
27,3
19,14
30,8
23,4
19,9
3,16
1,41
1,53
14,2
34,6
3,10
33,3
3,5
6,6
27,2
25,6
32,2
28,2
6,6
1,24
34,1
15,5
1,3
14,4
11,1
29,6
5,3
1,30
1,12
15,7
1,40
29,2
27,1
7,8
14,5
11,11
1,10
1,12
34,7
2,7
19,9
5,2
23,7
1,42
1,29
19,3
19,3
10,8
5,6
6,7
1,4
1,15
20,4
11,10
22,1
3,2
22,3
29,7
32,9
32,4
32,10
1,34
25,11
32,4
11,3
24,7
10,10
3,9
18,8
23,6
13,9
24,7
29,3
1,18
1,21
32,4
29,10
32,10
9,4
5,3
4,4
25,10
15,1
32,1
25,3
7,3
1,34
27,4
15,1
18,2
1,1
1,10
1,14
33,4
28,3
21,6
10,3
5,5
21,2
15,2
7,9
34,6
29,4
3,5
18,5
3,8
34,4
15,8
32,5
32,5
15,6
5,1
20,4
32,6
25,7
9,7
29,1
10,1
18,5
7,9
2,2
25,7
7,8
6,6
31,4
1,55
14,6
23,2
31,9
1,10
19,9
31,7
30,2
1,56
7,3
14,2
20,6
25,14
9,1
3,1
31,7
1,57
7,9
29,2
32,10
28,1
25,6
21,4
25,2
1,29
32,9
7,9
25,3
9,10
31,4
1,2
11,6
34,4
27,2
30,2
1,60
19,7
34,8
1,29
15,2
3,1
1,8
10,3
4,7
7,7
1,12
7,4
13,5
4,1
27,1
3,1
34,10
5,1
9,5
3,17
19,7
25,3
24,6
29,3
3,3
31,10
32,10
5,5
34,8
27,3
3,2
34,4
3,3
14,3
29,6
1,17
14,3
11,4
5,5
1,34
3,10
19,5
12,3
1,34
34,5
32,3
32,2
6,4
20,5
19,1
1,3
1,52
4,7
21,6
2,6
20,5
2,11
32,9
31,9
1,34
19,3
3,11
5,3
24,4
23,4
24,3
10,12
5,1
21,7
30,2
25,3
14,1
1,21
5,6
32,7
12,1
19,1
20,7
1,38
29,2
19,1
12,1
2,2
14,6
7,9
10,8
11,7
23,7
25,6
13,9
22,3
4,2
29,2
21,6
1,52
32,7
34,6
31,10
27,2
15,2
27,1
5,3
13,8
19,8
31,8
1,34
1,60
34,10
2,4
3,9
27,1
6,2
3,15
25,8
10,13
34,5
3,9
33,5
34,7
3,3
4,9
25,8
34,3
34,3
1,24
5,5
10,3
9,6
5,6
7,1
31,10
14,2
19,5
10,12
15,3
3,19
1,15
31,4
6,3
14,5
32,10
22,5
2,2
1,18
1,6
21,3
25,2
29,5
34,6
23,4
34,6
27,1
22,2
23,4
33,4
3,17
5,6
3,3
21,5
33,5
1,40
31,11
29,6
19,5
13,8
11,4
25,1
2,8
25,3
12,1
7,8
18,4
1,56
19,9
1,2
6,7
2,1
1,1
25,6
3,6
25,1
19,10
1,10
22,2
7,3
1,31
19,1
14,2
25,11
1,12
10,16
2,7
25,13
23,2
3,3
27,1
23,6
32,1
27,2
3,7
25,11
15,5
5,5
1,50
29,8
13,9
32,9
25,3
7,9
3,3
34,10
22,3
5,3
18,2
21,4
22,1
28,4
15,6
1,35
29,7
18,6
3,5
25,6
19,7
34,7
32,9
1,18
2,5
7,2
19,10
4,9
1,1
1,6
11,11
23,2
25,10
32,10
25,8
3,1
33,6
13,1
19,2
11,2
25,6
31,9
1,20
20,2
29,8
16,1
19,8
9,8
32,4
34,7
2,11
13,9
3,4
29,2
32,8
28,2
29,1
1,24
25,8
23,6
28,3
24,7
34,2
31,5
24,4
11,3
13,4
19,2
18,4
6,6
19,9
1,19
14,4
2,8
7,2
28,4
15,8
19,1
3,15
10,3
3,8
3,1
15,7
3,2
32,6
5,1
1,10
12,3
22,2
22,6
32,8
1,28
6,5
24,2
4,11
1,30
9,1
3,1
25,6
32,10
30,6
1,44
29,7
15,1
1,41
25,10
18,11
28,4
19,1
10,10
33,2
34,7
25,10
3,5
3,8
10,5
11,1
1,3
25,10
23,6
7,2
28,1
20,6
32,7
27,2
3,3
30,5
33,7
33,6
1,7
32,2
2,7
1,35
34,7
21,3
5,3
10,3
20,7
3,10
33,8
6,6
24,2
25,2
19,6
5,2
32,2
3,1
34,2
7,1
1,1
1,10
30,2
19,13
1,4
1,12
28,4
33,1
1,34
3,3
29,8
20,2
11,6
30,5
1,25
19,1
23,4
18,7
10,5
33,7
1,17
19,2
33,3
33,3
5,1
25,7
31,8
24,2
32,7
1,4
29,8
1,60
2,1
10,1
25,1
10,11
15,2
31,6
33,7
1,57
32,1
1,10
24,1
33,4
1,6
32,8
33,9
20,6
22,2
14,4
19,2
21,4
30,10
3,2
5,1
23,4
11,6
34,9
13,9
31,8
1,5
21,6
31,1
33,8
1,15
4,1
15,8
33,1
34,10
25,7
4,3
21,3
23,3
27,3
1,9
32,7
1,3
3,2
19,7
1,21
1,42
6,7
1,17
7,9
32,9
1,6
25,1
19,3
14,5
33,1
20,5
3,5
24,2
29,7
3,11
9,1
19,1
32,3
32,1
19,4
32,10
1,15
2,6
19,9
11,1
10,13
10,7
11,9
3,5
10,12
32,7
18,5
6,6
1,1
3,7
7,4
1,6
7,7
11,11
4,11
31,3
24,3
1,39
22,2
3,7
33,7
29,1
1,35
18,6
29,8
14,3
31,11
34,8
5,6
20,5
21,4
19,12
32,2
19,2
22,2
5,3
33,6
1,15
3,18
1,31
5,6
14,4
32,7
3,1
6,1
31,6
1,13
23,2
34,3
29,7
13,8
1,41
19,7
1,52
33,1
1,26
25,7
10,7
23,7
32,1
32,4
1,21
13,9
1,27
20,3
13,8
6,6
21,4
32,2
24,4
32,8
5,6
1,10
34,1
15,7
34,2
29,2
13,4
15,5
14,2
19,9
21,7
34,5
1,15
21,2
21,4
29,8
33,2
10,15
18,7
3,2
13,5
23,3
1,49
4,11
15,3
14,2
1,10
3,9
6,2
2,4
5,5
18,10
20,3
13,9
33,1
21,4
5,1
1,26
21,2
18,10
25,3
1,29
29,2
29,1
1,25
20,4
33,4
1,3
18,3
7,3
22,5
2,11
22,5
3,1
1,15
33,1
30,10
7,5
13,1
1,18
25,7
3,8
33,9
18,6
24,6
5,6
2,6
3,3
14,1
7,8
5,1
4,9
32,2
3,7
1,14
1,6
11,11
20,7
19,8
3,9
3,8
31,4
2,3
24,2
14,4
1,45
1,24
25,7
10,6
19,1
3,16
19,9
13,6
5,5
34,4
22,3
4,6
1,18
34,2
3,7
20,4
10,9
28,3
1,29
1,34
1,10
31,5
27,2
5,6
3,3
13,9
10,10
34,8
1,46
3,20
18,6
33,9
11,6
1,42
23,3
5,3
5,5
2,13
7,7
3,9
19,3
25,1
1,60
3,3
20,3
19,3
3,3
10,2
19,3
31,10
20,7
29,1
13,3
5,6
2,7
27,4
3,3
1,53
1,10
19,10
4,1
1,29
13,2
1,55
3,8
3,10
32,6
21,2
6,7
21,7
34,7
9,4
23,4
15,7
12,1
2,7
25,10
20,5
33,7
13,8
6,1
31,8
1,3
9,6
34,4
13,7
1,23
24,4
25,11
29,8
1,3
3,3
32,10
23,2
1,57
19,2
25,3
2,7
1,6
18,8
3,3
6,3
5,3
34,1
3,9
27,2
19,1
21,4
3,1
25,10
25,8
2,7
18,8
11,11
22,2
19,5
7,3
2,2
1,10
10,10
32,9
21,3
19,9
34,9
1,44
13,6
3,3
19,5
29,3
1,15
32,7
34,7
10,13
1,6
25,8
18,9
24,4
11,9
1,34
11,9
3,7
6,5
34,1
5,3
25,11
25,7
14,3
3,10
25,1
31,8
22,6
21,4
32,9
33,8
7,3
10,15
4,3
13,1
33,6
18,5
31,6
25,12
6,3
24,1
24,4
33,2
28,3
34,6
18,2
3,8
34,4
1,55
19,12
10,7
32,7
1,12
34,10
11,5
25,10
32,7
19,7
11,10
2,1
1,38
13,4
12,5
32,9
1,12
13,6
13,2
5,6
1,48
14,1
28,2
14,3
6,4
25,7
17,1
11,9
5,5
19,2
32,7
1,60
21,6
9,3
33,2
5,4
3,7
2,5
3,4
34,8
12,3
28,1
1,36
30,3
34,10
25,8
32,10
3,7
29,2
27,2
1,44
2,3
3,5
1,16
19,1
24,2
25,7
1,6
3,19
1,45
31,3
32,7
19,3
3,14
29,6
5,5
25,1
29,8
30,3
1,21
2,9
30,6
11,10
34,9
1,40
18,5
11,7
9,9
1,34
1,21
5,1
3,3
3,16
11,10
3,6
3,10
3,20
20,3
10,10
11,5
34,10
4,8
23,4
19,5
11,8
34,2
5,1
1,14
28,4
14,2
25,10
30,10
12,4
25,2
5,3
22,3
10,12
34,7
14,4
21,4
34,1
9,7
25,12
12,5
10,8
2,9
32,1
5,1
1,2
21,4
28,4
1,2
1,50
21,6
22,5
1,47
27,1
5,2
4,3
3,3
31,9
5,1
25,1
34,3
19,10
29,6
12,1
1,1
3,14
34,3
33,3
18,11
1,15
1,30
32,9
27,2
18,10
29,1
27,4
10,15
18,10
13,9
1,29
19,5
1,12
1,16
6,6
30,5
1,60
21,2
1,11
6,6
34,10
1,39
1,5
2,7
1,6
3,2
3,3
13,7
1,32
13,6
34,5
33,1
4,9
31,10
23,4
28,1
25,2
10,10
20,7
2,1
21,4
15,5
18,6
19,5
11,6
15,6
5,3
6,1
19,8
12,4
23,5
23,6
19,1
33,6
25,12
3,5
32,5
14,5
31,8
8,1
6,1
34,9
31,7
19,8
34,5
1,56
21,6
30,7
7,3
5,6
5,1
5,1
32,10
34,1
25,2
30,9
3,10
26,2
3,3
25,9
34,9
30,10
34,2
14,2
1,1
25,14
10,1
1,38
27,1
22,1
19,9
3,8
32,6
30,7
22,6
19,9
3,16
7,9
29,10
19,8
10,12
16,1
19,6
1,29
9,9
21,7
5,1
34,4
4,7
1,16
19,13
5,3
19,14
32,6
10,7
28,2
28,2
20,5
1,9
1,42
3,19
13,4
15,8
27,1
1,1
12,3
21,3
32,10
22,6
30,8
19,4
2,8
1,51
21,7
1,11
10,3
30,4
8,4
1,44
19,12
33,9
20,2
30,8
29,1
15,2
11,3
30,7
2,1
25,7
30,2
6,6
25,1
19,5
9,6
32,8
19,12
14,1
32,10
23,3
23,2
13,5
21,5
1,3
4,5
1,16
34,7
24,7
1,29
5,6
1,10
25,7
3,4
18,8
3,8
3,9
32,10
31,9
1,3
6,7
14,4
19,7
19,9
9,8
6,1
25,11
32,4
1,6
6,1
7,2
30,2
10,10
32,1
34,3
1,21
34,1
1,29
3,6
21,7
20,7
2,10
1,34
5,3
27,3
1,23
34,9
6,6
11,7
31,9
34,9
25,2
7,9
14,4
32,6
23,7
1,20
1,12
31,6
7,4
22,6
1,29
20,3
6,1
33,6
9,7
32,10
19,5
25,3
21,6
1,25
25,1
27,2
10,11
18,4
34,7
15,2
10,14
2,12
20,5
28,4
13,4
7,3
9,6
1,30
22,5
15,7
19,9
1,48
22,6
15,7
1,34
13,6
1,37
14,1
21,5
22,6
11,6
2,2
10,5
24,2
1,32
32,10
34,8
33,2
29,2
30,10
1,3
29,6
11,1
19,1
3,2
5,5
28,3
1,25
5,5
32,7
13,3
28,2
2,11
15,6
12,5
6,1
19,3
27,1
1,45
33,4
34,5
19,3
25,1
33,3
31,5
32,8
1,26
1,27
21,7
19,3
32,1
21,2
15,7
18,7
11,5
15,3
1,18
23,2
5,3
32,9
1,54
3,11
2,11
2,10
1,1
22,6
32,4
25,2
4,3
11,5
11,3
33,8
34,7
1,47
14,3
10,5
3,12
12,1
31,9
1,3
11,8
19,9
2,11
18,5
1,21
11,3
28,4
34,6
30,6
2,7
25,7
34,9
15,5
29,8
3,1
20,3
27,2
2,14
29,8
27,1
27,3
2,9
1,21
22,2
10,2
25,7
2,2
12,1
5,2
29,7
1,15
31,11
24,4
1,10
22,4
1,34
34,1
12,2
3,4
1,10
18,1
34,6
7,8
33,6
34,7
33,9
25,7
1,15
9,4
4,3
1,35
15,5
31,6
1,26
3,4
19,11
28,1
19,1
12,1
31,8
33,3
32,10
14,3
19,6
24,6
15,7
13,7
6,7
30,3
20,1
29,6
14,6
19,2
3,5
1,21
19,1
16,1
19,5
4,11
2,2
12,4
25,12
33,3
20,3
1,20
3,9
9,5
5,3
19,1
1,4
34,1
15,6
23,2
15,3
12,1
1,21
19,4
21,5
33,5
1,14
28,4
25,2
5,2
5,6
19,9
25,7
3,18
23,5
13,8
9,9
25,10
28,2
23,4
1,10
1,59
34,2
18,5
1,10
2,12
3,1
4,6
31,2
13,9
18,5
31,11
33,2
20,7
1,4
29,8
10,3
25,3
7,9
1,51
5,3
6,3
4,8
22,5
24,5
5,1
34,9
1,59
28,1
6,7
6,3
18,2
1,20
1,44
13,6
28,4
9,9
1,29
2,1
3,11
33,6
32,6
30,10
2,3
29,8
1,50
3,3
1,20
3,11
14,5
32,7
1,59
14,3
31,6
21,5
18,4
3,9
25,3
4,1
1,18
1,7
27,2
9,1
25,7
19,4
30,6
21,4
9,6
33,3
25,3
14,2
6,3
10,15
29,1
21,4
11,5
1,1
29,1
25,11
6,7
5,1
11,7
11,4
25,10
10,8
33,4
24,5
18,11
27,2
19,7
29,1
1,20
29,5
11,3
31,9
3,6
33,8
1,34
31,6
1,19
19,9
2,11
3,5
29,5
1,58
9,6
18,8
6,5
7,1
2,2
1,6
3,8
23,3
34,2
22,5
1,19
6,3
3,8
6,6
1,1
18,12
23,2
1,39
1,31
3,3
3,5
10,13
13,3
1,8
4,11
21,5
2,11
30,8
34,7
29,8
11,3
5,5
1,22
31,6
28,3
1,15
22,3
25,12
32,8
1,34
33,4
15,5
1,54
25,2
5,5
1,35
20,1
19,3
27,2
1,29
28,2
32,6
25,3
27,1
3,15
13,6
22,5
34,10
32,8
23,4
2,6
10,12
9,1
12,4
19,3
14,4
2,8
29,9
25,6
3,9
6,1
32,1
19,8
31,2
5,5
18,8
31,3
31,6
34,3
23,5
10,11
2,10
18,2
31,3
33,5
20,7
13,3
1,50
1,18
3,16
31,9
20,2
11,6
21,4
34,3
19,8
1,15
18,9
2,9
1,22
28,4
31,8
25,2
1,57
23,2
5,1
20,6
1,26
13,7
14,6
11,4
4,4
21,5
28,3
25,5
3,3
33,9
5,6
32,8
24,2
25,8
30,5
13,1
10,1
9,3
2,2
9,3
1,15
25,1
19,1
9,5
3,6
5,2
25,5
15,6
3,9
10,6
15,2
32,9
19,8
20,6
18,7
1,34
1,48
24,5
1,15
29,2
10,6
29,9
13,9
3,9
21,2
25,1
1,19
25,3
30,3
2,10
27,2
30,2
3,3
28,1
34,1
21,4
4,8
19,10
3,11
20,4
24,5
1,27
1,17
1,43
25,1
33,2
1,45
3,5
1,29
1,27
33,3
1,9
5,2
25,10
7,9
14,1
2,10
29,10
7,9
30,3
25,10
5,2
10,11
1,16
9,4
14,4
34,4
23,3
19,3
4,2
20,3
11,3
2,5
1,29
1,6
10,2
34,3
33,1
1,52
34,4
15,2
32,10
1,46
4,11
34,4
9,2
1,6
3,9
23,2
1,21
33,9
5,2
19,1
4,1
29,1
9,3
6,3
33,2
1,37
10,3
1,20
28,4
25,8
23,7
1,34
1,50
11,1
1,21
19,2
21,4
5,2
21,3
10,12
1,21
5,1
27,1
1,2
25,13
10,1
25,11
9,9
1,13
11,5
19,2
1,21
3,10
25,7
30,10
15,4
32,9
5,6
5,3
29,3
5,2
1,8
3,11
31,6
9,2
27,1
32,4
7,8
30,7
2,12
25,10
34,9
3,1
29,8
1,5
5,2
9,2
18,3
31,10
32,7
3,4
20,7
1,19
22,6
20,4
14,4
1,30
1,14
5,6
21,4
31,8
5,1
29,10
1,15
19,10
3,10
3,3
7,4
24,2
3,9
33,2
1,33
28,1
33,5
9,2
32,6
1,27
19,3
3,12
34,10
7,3
4,3
5,3
1,33
20,7
30,1
30,9
20,4
19,3
10,5
13,7
14,5
11,10
1,26
7,9
1,23
11,10
32,1
23,5
30,9
28,1
32,3
29,1
22,2
34,5
19,2
28,4
9,5
18,4
5,6
5,3
31,3
30,1
1,1
20,3
1,2
1,24
28,1
32,7
1,34
11,5
5,5
1,43
2,9
14,5
6,6
3,1
1,14
18,10
1,10
32,7
5,5
4,3
1,1
2,9
13,9
3,2
1,51
1,54
23,7
31,7
4,12
14,1
3,3
3,3
32,3
15,8
10,1
31,8
31,3
31,7
5,5
7,7
19,2
34,1
2,6
10,12
28,2
19,1
25,1
33,7
20,2
3,1
24,4
7,2
19,1
1,6
30,10
25,7
1,52
25,2
32,5
19,8
28,2
1,18
5,5
32,11
10,3
9,7
1,4
27,4
21,3
15,7
14,1
23,7
15,2
9,8
6,6
19,1
1,8
15,7
34,5
28,2
3,2
15,7
32,4
3,18
5,1
3,7
3,8
19,10
28,1
34,7
1,14
34,4
1,51
29,1
1,29
18,11
9,10
3,7
27,2
31,10
5,5
9,10
32,1
15,7
6,7
2,9
1,35
7,1
18,2
5,6
34,5
5,3
31,11
32,2
1,1
3,3
30,9
32,7
4,3
10,10
3,5
20,5
20,7
1,55
11,5
13,9
19,3
19,3
5,1
32,3
1,55
34,5
33,7
1,2
26,2
3,17
4,11
32,6
34,1
1,36
31,6
19,6
1,34
19,5
29,7
29,3
31,3
1,34
9,5
31,4
9,2
3,7
9,2
3,3
13,1
1,21
1,34
14,3
24,6
13,9
32,2
1,31
11,9
27,1
3,9
29,3
6,5
3,3
32,1
15,4
20,5
25,7
32,10
19,2
1,29
32,7
19,7
4,1
18,3
24,3
24,3
7,4
1,14
1,24
1,1
1,16
19,1
34,1
14,6
3,12
9,8
20,2
23,4
9,7
33,8
4,1
31,8
19,7
9,2
3,13
1,15
15,2
1,15
19,7
1,15
1,9
34,6
5,3
6,6
12,3
15,2
2,4
15,7
25,1
22,5
25,3
5,5
27,1
10,10
5,3
25,11
1,2
4,9
33,2
3,10
18,8
32,10
12,1
22,5
13,3
3,13
15,6
6,5
11,9
14,2
5,3
2,6
13,2
3,12
28,1
11,10
20,7
14,2
9,10
3,9
5,1
3,5
3,10
33,7
5,2
13,5
15,2
21,5
1,4
4,2
3,5
1,6
25,7
27,2
20,3
5,3
1,34
25,1
13,9
32,4
1,16
24,4
1,15
27,2
32,9
23,4
9,1
13,8
3,4
1,1
32,4
22,5
7,7
23,3
27,2
19,7
3,19
3,1
6,7
7,2
34,4
32,9
32,10
22,2
13,9
1,10
1,2
20,4
5,3
1,6
27,4
11,1
25,3
33,3
32,3
7,8
13,5
21,6
31,2
31,6
9,8
1,35
11,11
20,7
1,45
11,10
7,2
3,7
3,10
19,4
31,8
13,9
3,3
21,3
5,6
6,5
19,2
13,4
15,2
32,2
21,2
13,4
4,6
2,8
30,3
1,12
6,1
1,22
30,3
31,4
4,5
3,19
1,1
21,7
3,1
19,5
15,5
34,9
19,5
18,3
10,10
2,5
10,1
1,30
3,15
6,7
1,48
2,8
13,1
30,7
9,1
1,2
32,7
1,52
30,7
6,1
21,7
11,9
14,5
25,11
25,8
3,5
1,12
9,9
22,5
13,3
11,6
1,34
10,10
3,10
32,7
31,10
15,7
13,5
6,4
1,20
21,5
14,2
34,9
18,2
3,3
2,11
10,7
3,14
11,4
20,2
12,5
31,10
33,4
1,23
1,8
6,7
3,4
10,1
34,2
32,5
11,6
28,3
22,2
24,4
31,11
13,9
25,3
23,3
28,2
32,1
27,1
1,3
10,2
19,5
23,7
1,37
3,7
25,7
15,2
32,7
25,1
31,6
19,5
1,33
2,8
1,33
3,6
3,3
31,6
27,5
4,8
3,8
29,6
33,7
25,11
31,8
1,22
32,8
34,6
19,2
1,3
22,2
6,3
11,11
3,3
25,7
1,10
22,1
14,3
17,1
22,2
9,10
1,58
1,38
1,3
31,9
25,12
15,6
2,11
4,11
31,8
6,7
2,12
6,5
3,1
32,6
18,1
5,5
10,13
3,5
12,3
1,10
32,7
4,3
6,8
30,5
22,6
20,5
25,7
10,10
22,2
2,9
7,8
3,5
1,47
3,10
3,16
9,10
23,3
34,6
1,34
10,10
25,6
5,4
2,1
13,9
25,8
28,4
7,8
31,10
34,3
19,5
32,5
2,8
1,2
20,7
3,18
19,10
21,6
9,10
1,34
22,5
2,7
15,3
2,7
10,4
28,1
1,29
3,1
5,6
8,1
24,4
10,15
27,5
15,7
33,6
13,4
1,20
1,21
15,3
3,9
3,10
9,3
3,1
3,3
32,1
28,4
3,8
9,10
7,7
29,10
27,2
34,2
3,6
30,2
19,7
23,7
9,8
25,2
1,14
25,7
32,2
24,4
24,7
6,1
31,9
3,5
13,2
10,15
3,18
6,6
5,5
10,2
8,2
32,11
10,5
25,12
20,3
14,1
1,20
3,15
5,1
1,47
33,8
15,4
5,2
23,7
3,11
5,1
3,3
18,4
5,1
19,6
13,1
30,6
1,31
25,2
3,3
32,9
11,9
21,2
1,4
27,1
34,1
24,3
1,8
5,2
13,5
5,3
25,8
28,2
15,5
7,3
2,1
25,5
25,9
23,4
19,3
9,9
1,23
10,3
25,11
11,4
18,2
15,1
15,3
10,12
28,3
9,9
14,3
33,1
25,8
21,4
14,5
5,3
13,8
5,1
22,2
1,12
10,5
15,3
18,11
33,5
10,3
13,4
6,7
10,5
20,4
19,9
33,2
20,7
25,4
25,12
1,9
18,11
18,7
19,5
7,9
1,40
3,9
9,6
9,7
31,11
19,3
3,3
25,3
32,6
18,10
10,10
30,10
10,12
19,9
29,5
28,1
5,5
1,39
25,3
20,7
28,4
19,1
9,2
8,1
25,11
29,5
10,11
3,7
30,1
1,55
31,8
1,29
1,29
1,3
34,8
3,13
10,13
19,2
20,3
18,6
32,6
15,6
1,1
11,3
12,2
23,7
32,2
32,9
32,6
1,40
1,59
1,23
29,1
20,7
2,7
15,7
1,54
23,2
3,16
28,1
11,9
5,1
5,2
19,2
3,5
5,5
29,6
10,7
31,2
3,15
33,5
34,1
13,2
10,7
14,3
20,3
22,3
1,59
1,16
3,1
3,18
34,10
15,7
25,10
29,8
25,8
25,5
4,1
7,8
32,8
34,8
1,1
25,7
32,5
34,2
15,2
10,11
7,6
1,10
13,4
18,4
29,7
6,3
27,2
20,5
32,6
32,2
28,2
10,5
13,5
5,6
33,4
3,7
2,6
21,6
25,1
18,12
25,11
18,5
14,2
28,3
1,28
1,59
1,5
25,11
21,3
10,14
14,4
1,20
1,14
1,21
3,12
29,7
14,1
30,3
3,2
1,28
24,5
9,9
3,12
5,2
10,2
2,1
32,6
3,7
34,7
34,5
22,6
34,5
1,6
27,4
10,10
6,1
2,11
1,52
3,10
19,2
5,6
13,8
3,7
19,9
13,2
32,1
11,2
23,2
1,10
32,7
25,3
29,10
1,17
32,4
1,58
29,5
7,1
5,3
1,42
11,4
1,6
20,3
2,11
1,39
2,1
27,1
19,7
5,3
32,10
1,49
9,6
29,8
4,11
3,3
25,7
29,7
2,11
24,3
1,17
19,2
23,3
25,13
34,6
27,1
5,3
1,36
31,6
34,3
25,7
5,5
7,9
19,5
19,3
25,3
25,10
2,9
1,42
21,7
9,1
3,14
4,1
20,5
1,29
20,4
34,7
1,16
21,4
34,8
1,44
25,3
19,5
29,8
10,12
20,7
11,8
1,16
4,12
19,1
6,3
30,6
22,2
1,10
2,10
28,3
13,1
1,9
22,5
4,10
15,7
19,10
10,15
25,7
19,3
32,8
19,2
1,45
1,4
6,1
11,10
18,8
5,3
4,12
6,1
6,2
32,8
10,1
1,14
5,6
1,49
9,10
1,10
34,7
23,6
10,7
1,45
1,10
4,3
32,7
2,12
33,8
18,3
21,4
3,5
32,8
32,6
31,8
27,1
3,5
11,2
31,8
1,17
21,1
22,6
3,2
1,19
13,5
30,5
33,8
1,24
1,6
6,7
1,14
1,2
3,9
1,19
14,5
32,10
32,9
4,3
3,4
34,2
23,4
13,5
33,4
1,20
1,5
32,9
1,15
19,8
24,7
15,2
22,7
15,6
34,8
32,11
13,6
29,10
3,9
19,3
27,1
30,10
1,2
32,8
13,5
1,8
5,5
19,1
20,2
1,21
14,4
21,4
22,5
4,1
27,2
9,7
14,3
10,11
29,1
5,1
4,8
32,2
10,6
9,5
25,10
21,2
28,3
29,2
23,2
6,8
23,6
6,6
34,8
1,14
32,9
18,10
18,2
1,39
3,5
13,9
25,2
27,2
9,8
15,2
19,9
3,5
32,2
25,1
1,1
1,8
3,7
5,5
19,7
21,2
20,3
29,7
29,9
23,4
30,5
32,8
32,1
27,1
33,2
33,5
30,10
22,2
6,7
3,14
20,6
19,10
1,1
4,6
13,9
25,3
10,6
18,2
31,6
1,34
11,8
21,2
25,10
28,3
34,2
32,10
3,7
15,8
22,3
6,5
5,3
32,8
14,2
29,5
1,27
33,8
22,1
12,5
5,2
29,2
31,1
5,3
3,16
24,4
31,2
1,21
32,10
32,1
18,5
25,11
11,8
30,5
31,9
3,18
29,8
1,2
19,7
1,4
1,34
25,11
3,2
10,8
5,4
1,48
32,8
24,4
1,57
5,2
24,4
1,43
1,13
5,6
31,2
9,2
31,3
9,5
1,15
33,6
22,5
1,22
34,7
1,1
11,4
3,6
1,33
11,8
18,6
32,8
1,59
34,8
1,28
22,3
5,5
22,6
19,4
4,12
1,10
1,34
19,6
10,2
3,5
20,4
24,3
22,5
32,6
1,28
20,6
4,1
32,8
33,9
5,1
3,5
7,7
1,33
24,5
1,1
27,2
20,3
7,9
24,4
15,7
19,11
20,7
30,6
1,12
34,6
22,3
30,6
11,5
25,8
22,4
15,6
32,2
24,4
1,53
1,10
7,1
6,1
1,36
4,10
20,3
10,3
3,11
3,1
13,3
10,14
27,1
17,1
19,2
34,10
34,4
33,3
24,4
11,6
3,16
1,12
32,4
1,14
3,8
2,6
32,10
22,2
3,5
9,8
29,8
33,1
20,7
3,4
34,2
14,5
23,5
1,48
1,16
31,7
12,2
19,2
21,2
25,10
29,4
25,2
34,10
3,20
22,3
6,7
3,9
33,2
3,10
3,9
25,2
1,3
20,7
14,4
3,1
11,5
32,8
2,9
26,1
34,2
9,6
32,10
23,4
34,3
1,56
11,7
29,5
1,47
32,10
22,5
19,9
3,5
29,3
3,2
34,7
5,3
33,6
19,5
19,11
4,6
27,5
25,1
33,4
32,9
15,7
10,4
11,8
31,3
2,1
5,6
3,5
1,28
2,2
5,3
31,8
7,9
3,15
1,12
19,3
1,7
1,14
9,4
25,7
24,4
4,3
4,1
3,4
31,4
22,5
3,9
4,4
6,7
15,7
4,12
32,6
1,10
1,7
5,1
2,8
6,5
10,3
21,7
18,3
13,2
5,5
23,5
14,5
3,13
3,5
1,21
5,5
15,5
19,4
13,1
3,1
10,5
12,5
10,13
1,4
1,10
25,10
1,15
33,6
32,6
34,9
27,2
34,5
3,1
10,1
32,1
29,1
6,6
1,56
21,4
25,7
32,9
29,9
1,53
1,12
6,6
32,2
1,6
1,34
12,2
3,10
20,4
1,32
20,5
5,6
33,2
11,11
6,6
6,6
32,7
3,15
9,9
1,47
28,2
1,21
3,15
29,6
15,4
2,1
19,12
3,3
3,3
3,5
7,9
20,7
23,4
25,2
5,3
28,2
10,4
33,7
32,7
29,2
19,12
23,4
25,7
15,2
30,2
10,7
21,2
1,12
30,6
3,3
11,5
9,3
23,4
15,3
29,5
5,3
18,2
22,2
25,10
30,5
15,5
6,7
3,3
19,9
3,16
11,7
27,2
1,15
24,4
28,4
2,6
19,10
1,15
5,1
14,2
19,6
1,6
31,7
8,1
20,5
34,10
33,2
14,3
2,3
1,15
3,1
20,3
3,14
25,8
6,7
32,6
7,7
14,4
1,18
13,9
29,9
32,7
23,6
13,4
33,7
5,6
14,5
18,10
2,9
4,6
1,15
25,2
31,6
33,1
30,7
32,4
23,6
3,5
4,3
18,6
28,2
20,3
25,7
20,5
27,2
19,6
1,21
9,5
5,5
3,8
9,5
13,4
3,15
24,6
25,7
1,49
25,7
1,54
19,3
1,59
3,1
28,1
22,3
1,18
18,11
34,4
4,8
10,5
34,5
20,2
24,6
7,1
25,1
6,1
27,2
32,1
25,5
1,2
1,31
12,2
32,2
1,40
15,4
29,7
15,8
25,3
19,4
4,9
23,2
20,5
18,6
1,50
10,3
4,3
1,34
7,6
1,30
10,7
11,4
5,1
13,5
27,2
23,6
2,7
19,9
25,2
19,10
6,4
1,10
3,4
22,5
26,2
3,7
7,1
1,42
1,8
13,7
30,6
29,5
5,2
1,2
1,28
31,6
33,8
1,54
1,6
30,6
25,6
1,10
32,2
22,3
30,1
33,1
18,11
21,4
19,2
9,8
31,6
6,1
11,10
33,1
20,3
21,3
21,4
13,7
1,1
12,4
33,2
10,15
20,6
32,2
11,3
27,4
29,10
19,6
25,7
9,6
25,6
21,4
34,1
3,7
1,47
1,10
1,51
1,16
34,4
1,34
30,8
1,41
1,20
25,11
1,6
1,10
10,13
3,7
19,3
4,3
20,6
21,7
31,8
12,2
27,1
15,5
34,1
4,3
25,10
33,1
32,8
1,59
19,3
31,10
1,50
3,1
27,5
1,11
1,10
1,4
31,6
1,52
34,7
1,1
20,7
34,1
14,4
7,5
13,1
22,5
1,38
19,6
33,4
5,5
31,4
1,20
33,2
29,3
2,9
10,10
14,2
10,10
17,1
9,1
10,15
3,7
28,4
25,7
19,12
1,12
5,1
5,1
9,1
31,7
1,30
3,5
3,3
1,18
7,1
14,2
13,9
15,4
5,5
1,45
24,6
11,4
3,4
32,9
17,1
3,2
20,6
9,1
18,5
1,14
19,7
30,6
25,1
3,6
29,10
32,7
5,5
21,3
25,10
32,3
25,7
7,6
9,3
21,6
1,34
19,5
31,8
1,28
5,3
1,15
22,5
4,6
19,3
33,8
32,10
21,6
15,1
18,7
1,2
32,8
7,4
31,7
18,11
31,9
4,9
25,2
20,5
1,59
29,7
18,10
33,9
6,6
31,7
20,7
11,11
28,2
1,24
4,11
31,7
14,2
3,2
25,14
7,9
31,10
29,2
24,2
5,2
31,9
33,3
1,56
14,4
6,1
32,9
1,28
32,2
2,2
30,8
14,2
5,3
27,2
14,1
25,11
20,3
19,11
1,33
33,3
1,10
24,7
5,5
19,3
5,6
1,15
25,6
27,1
20,2
27,2
26,2
22,5
34,1
10,1
9,6
18,7
18,5
33,4
5,5
11,5
29,6
19,5
8,1
18,6
1,6
34,4
18,6
13,6
10,7
9,5
29,2
19,5
22,1
21,4
2,9
13,3
2,2
19,3
29,10
10,5
33,2
4,11
5,1
30,2
23,3
1,12
24,2
1,31
3,1
32,6
34,8
31,3
5,3
3,3
3,6
22,6
5,5
29,6
1,31
18,5
27,1
32,6
1,54
32,8
7,3
3,14
29,7
1,38
1,43
11,2
25,2
5,2
25,13
2,9
10,8
19,3
6,3
4,5
32,5
11,10
9,3
27,1
29,3
18,8
1,34
19,1
4,7
20,5
34,3
22,3
30,6
30,8
34,7
4,9
19,4
32,2
5,3
25,8
1,36
24,4
3,9
19,1
30,3
27,2
3,5
11,11
11,1
29,6
3,5
1,24
3,5
1,32
20,7
26,1
19,9
7,7
23,4
19,9
9,1
1,21
1,39
29,8
3,15
3,16
3,10
19,5
4,4
6,8
32,9
23,3
11,4
25,7
4,8
1,15
1,57
25,5
32,9
22,1
1,15
24,6
5,6
12,1
19,1
3,10
1,21
34,3
19,1
32,8
32,4
19,6
5,5
1,9
23,7
10,6
27,1
29,1
6,6
24,4
23,5
11,9
30,1
34,9
3,20
31,1
7,3
18,4
10,11
3,6
1,56
3,1
29,8
1,21
34,3
15,6
1,12
1,59
23,6
18,7
22,5
24,5
13,7
34,4
1,27
19,10
1,3
7,3
11,9
25,10
3,7
5,2
33,6
34,4
10,5
21,4
25,1
4,8
15,2
11,1
3,8
31,8
31,2
34,8
32,7
19,2
23,6
6,3
2,9
5,1
28,3
3,14
25,1
19,9
32,8
29,2
24,7
12,5
3,7
1,24
6,3
29,1
10,3
28,1
19,7
24,6
10,3
6,3
15,8
25,1
32,8
34,4
32,7
7,2
3,11
13,8
9,3
25,1
25,1
21,1
4,3
13,9
6,7
23,1
27,3
3,5
1,14
20,3
3,9
15,2
31,1
22,1
34,3
25,12
25,5
28,1
3,8
5,5
1,60
24,3
25,8
10,4
25,7
23,6
15,3
21,4
5,1
27,2
34,2
29,8
23,4
5,5
1,56
34,2
5,3
11,1
20,2
5,5
12,1
6,1
3,10
23,4
6,6
29,3
3,7
15,2
10,12
3,1
12,3
31,7
19,5
14,2
31,6
10,1
25,2
6,3
22,2
32,10
31,7
25,2
1,56
3,2
2,4
30,10
28,4
31,11
25,2
19,11
13,5
25,7
18,4
28,2
6,7
5,6
32,8
1,12
1,18
3,3
1,7
22,5
13,9
19,11
1,6
29,2
7,6
9,7
1,24
30,8
3,5
29,8
25,10
1,15
1,5
5,1
10,8
3,10
4,2
5,1
24,6
31,6
2,11
6,6
34,5
1,3
34,4
1,6
21,7
1,60
30,6
10,12
32,2
27,1
7,1
1,44
25,10
3,15
3,1
18,9
3,3
32,10
1,4
33,2
4,9
19,8
25,1
13,2
29,1
2,6
3,7
11,7
12,2
24,6
1,11
1,14
29,10
28,2
32,5
32,5
11,10
31,6
19,3
31,9
27,2
5,1
29,8
31,10
2,8
30,7
1,48
2,7
31,8
1,23
28,4
24,2
1,8
32,2
32,9
31,6
1,15
33,2
5,3
2,11
1,34
1,34
1,15
20,1
6,5
25,8
31,9
23,7
29,1
22,7
23,4
33,8
3,5
10,16
19,1
22,2
2,4
20,3
27,2
10,1
1,16
31,10
7,4
7,8
5,3
15,1
23,3
4,9
12,4
3,2
34,2
10,10
33,9
25,1
28,4
1,1
10,1
10,6
10,1
10,3
25,5
1,6
1,10
5,3
12,4
25,8
22,4
19,4
10,14
27,1
1,16
25,7
32,7
19,5
11,11
25,11
5,6
3,6
32,7
4,4
4,6
14,3
34,6
3,19
1,29
15,5
14,1
20,5
22,3
4,3
23,6
30,6
21,7
23,2
14,4
1,29
5,5
34,10
34,1
5,1
3,9
14,1
1,20
11,3
30,2
33,2
1,55
30,10
1,22
18,4
3,2
14,3
24,3
22,5
32,9
10,8
28,3
28,3
11,5
20,4
3,3
22,1
32,3
20,7
1,18
9,7
15,7
20,6
29,1
25,3
1,34
19,10
22,6
7,4
10,3
12,4
28,3
33,4
1,12
10,5
5,3
30,6
1,34
1,16
5,5
10,8
3,10
1,21
3,16
10,7
5,1
1,42
10,7
34,1
11,8
29,1
21,7
29,6
13,8
5,1
5,3
3,3
2,7
25,2
21,3
1,2
20,4
23,2
6,6
3,6
1,52
22,2
20,4
34,2
1,2
3,7
3,16
1,38
34,9
25,2
22,1
32,6
34,8
1,16
29,4
15,7
5,5
34,3
21,3
1,6
13,9
3,3
10,3
15,2
1,6
4,2
3,10
15,6
1,12
19,1
18,10
1,51
5,5
15,1
3,4
22,2
1,34
3,5
4,1
5,5
24,3
1,15
24,2
19,10
19,1
13,1
14,1
22,6
21,4
32,9
34,5
34,7
21,3
18,8
32,2
20,3
29,1
11,8
2,4
5,6
11,6
11,9
10,2
9,7
34,10
9,8
25,1
3,7
15,8
34,1
29,3
27,3
10,5
9,10
1,15
24,3
32,8
32,9
13,6
5,4
23,6
21,5
15,1
8,2
1,8
20,3
32,2
18,8
20,5
1,4
32,1
15,4
28,3
4,3
24,2
14,2
5,3
1,24
27,2
11,10
18,7
5,3
5,6
3,1
1,46
1,31
1,15
32,7
32,10
1,35
3,3
5,6
22,3
20,6
5,5
21,4
34,6
11,5
12,3
13,4
5,5
1,31
3,3
34,6
34,6
3,3
25,5
15,7
32,10
23,5
9,7
12,4
31,9
34,2
3,5
11,1
19,10
34,5
19,7
13,2
31,6
5,2
11,8
1,12
25,11
1,25
2,10
31,6
14,4
10,12
34,4
1,30
3,5
29,5
3,5
34,3
24,7
1,20
13,2
33,5
19,10
20,2
19,3
5,1
19,2
1,44
5,1
31,8
29,8
14,5
27,2
24,3
18,7
19,6
1,10
14,6
18,12
19,11
25,1
3,10
1,42
19,3
25,10
2,4
10,7
18,4
25,6
1,15
24,4
1,6
15,8
3,18
14,4
30,5
23,4
5,2
1,7
21,4
21,7
7,3
1,53
30,6
29,3
31,10
19,11
30,2
6,6
9,10
32,10
21,5
11,1
2,7
19,3
1,39
1,51
32,7
32,8
3,4
18,8
1,50
19,7
14,4
3,16
29,10
6,6
2,1
34,9
21,4
18,1
32,10
34,4
4,5
1,43
6,3
32,7
30,8
11,10
11,1
1,18
3,3
19,5
22,5
11,5
31,10
33,6
6,7
23,5
34,2
29,1
1,34
13,9
5,3
19,10
1,40
23,5
21,2
11,5
5,5
4,6
1,48
33,9
18,9
5,6
10,7
18,9
5,6
1,13
32,10
29,1
19,1
13,2
15,1
13,1
30,1
23,3
20,2
1,34
21,7
1,47
14,3
6,6
1,18
6,3
25,10
21,5
12,3
23,2
4,3
1,18
27,1
28,2
9,3
2,2
2,9
1,15
10,10
4,9
1,10
2,3
21,4
3,12
15,8
13,3
2,1
3,10
20,5
32,8
9,8
4,9
9,10
9,4
25,8
21,2
19,7
1,6
6,5
3,7
19,6
7,5
13,7
5,1
2,1
11,11
12,5
6,6
1,29
25,6
9,6
6,1
6,3
34,4
7,7
32,8
25,2
3,8
1,49
24,3
1,24
33,2
22,4
29,7
13,9
18,8
3,3
1,25
20,6
3,6
24,4
19,1
11,6
32,7
1,10
25,3
25,2
9,9
1,28
1,24
15,1
32,2
22,1
3,4
21,5
31,8
3,4
3,7
3,9
6,5
25,1
31,2
13,2
1,7
3,4
34,6
19,6
1,54
34,9
33,9
25,11
1,12
7,8
10,16
14,4
5,6
5,5
11,10
22,5
1,46
32,10
15,1
22,3
29,3
25,7
34,9
21,6
3,5
34,9
11,6
3,5
1,21
1,56
2,11
6,5
29,7
3,8
6,3
11,3
3,4
7,7
25,10
15,7
28,3
34,4
28,4
1,10
27,3
2,6
22,2
30,8
24,7
1,29
5,6
27,2
1,1
5,5
3,5
19,3
1,58
25,6
34,1
2,9
21,5
22,5
29,3
34,10
20,7
3,1
1,10
1,21
32,6
1,53
3,8
5,5
33,3
5,3
34,8
23,6
24,3
19,5
3,6
25,13
5,5
1,57
3,5
5,5
4,3
1,46
22,5
7,7
21,7
1,15
5,5
20,7
1,14
1,15
34,1
29,1
9,10
1,34
33,7
34,1
25,6
8,2
3,3
34,9
21,2
3,17
3,12
3,7
10,2
27,2
21,7
28,2
7,7
28,4
32,8
10,5
1,16
33,7
1,7
23,4
15,2
12,3
32,7
24,3
25,13
30,7
7,4
20,7
2,3
34,4
30,6
4,1
1,23
13,8
2,3
15,6
1,52
16,1
1,27
31,9
12,4
5,1
3,18
4,4
5,5
25,6
1,34
22,3
2,9
31,7
15,7
9,6
11,1
28,3
3,5
19,10
2,9
13,7
19,5
31,10
3,16
19,9
33,2
32,8
24,4
32,2
32,10
28,3
30,5
9,2
19,9
33,6
13,4
9,3
21,7
33,4
9,5
3,2
3,18
20,7
25,6
4,12
5,2
24,2
5,1
33,7
19,11
7,2
33,4
1,34
13,6
25,1
31,7
3,7
31,11
5,5
9,4
26,1
3,3
30,10
33,8
6,1
9,3
1,18
30,3
5,3
18,12
25,1
5,6
21,6
31,7
31,6
4,11
21,7
1,2
21,3
34,8
32,2
32,6
15,2
7,9
32,6
34,4
29,1
24,4
21,4
34,3
21,3
20,3
11,3
28,3
1,14
19,2
3,5
3,7
33,3
18,4
20,7
4,12
20,3
19,11
3,2
30,9
21,4
6,4
6,1
33,1
19,3
3,8
19,10
5,1
5,3
9,2
11,4
1,55
19,9
3,7
1,25
15,7
25,11
23,4
20,4
19,10
25,14
1,15
3,19
25,7
20,2
15,6
2,7
5,1
28,3
22,2
21,5
29,8
26,1
25,7
2,7
2,12
33,5
32,1
23,6
1,14
15,8
21,4
29,7
27,1
34,5
11,3
1,34
19,3
6,6
22,1
22,1
22,2
11,6
21,5
29,7
30,7
1,14
7,6
3,9
1,27
20,7
1,47
10,16
25,6
32,9
25,6
4,9
28,4
3,5
5,6
1,49
5,5
3,19
6,1
3,4
24,2
1,8
19,8
5,5
7,9
11,8
11,8
15,5
29,3
1,22
10,5
23,4
30,4
9,8
22,5
1,6
33,2
3,5
11,5
3,5
31,3
2,1
10,7
4,1
9,1
5,3
5,5
6,7
25,1
33,1
1,29
5,5
15,4
23,6
1,21
2,9
34,8
1,22
4,6
29,10
6,1
11,1
1,10
20,7
19,2
3,5
6,3
19,3
4,8
10,3
2,6
22,5
14,6
34,7
13,2
5,5
34,3
2,7
1,15
25,10
2,4
29,7
25,8
5,1
9,1
28,2
31,6
22,5
13,5
11,3
7,3
32,1
15,1
15,4
32,10
5,6
25,11
31,2
32,10
6,6
2,2
3,10
34,3
1,58
22,5
11,1
28,3
4,9
3,11
32,7
2,9
1,27
19,7
30,9
27,4
1,7
1,21
27,1
1,13
12,2
24,3
1,2
4,1
14,3
33,9
3,3
2,1
34,8
1,6
32,2
32,8
1,53
3,15
13,9
25,6
1,9
3,1
1,54
23,4
6,6
21,4
29,5
7,7
13,8
19,3
28,4
5,2
5,5
34,8
18,6
13,8
1,26
1,6
34,10
19,7
34,10
2,12
19,5
1,45
6,1
3,7
29,6
9,10
22,2
5,3
19,3
34,7
31,9
34,9
3,3
5,2
3,10
29,10
33,5
2,4
21,7
1,6
23,4
27,1
1,43
19,7
28,4
24,6
3,1
1,2
13,5
28,3
15,2
20,3
1,3
1,12
34,3
3,19
1,58
34,4
10,4
31,8
22,1
21,7
32,1
34,3
3,3
4,6
10,4
3,1
2,10
18,3
3,3
32,6
5,5
27,3
33,2
32,1
1,14
32,5
19,11
11,8
34,8
1,23
10,3
2,2
3,4
32,9
3,7
6,3
34,6
18,8
3,2
6,1
1,21
1,4
32,6
34,5
27,2
18,12
3,5
18,2
1,13
1,34
29,10
1,6
33,5
3,14
24,3
32,7
27,2
3,9
29,7
2,7
11,10
10,3
3,1
1,10
32,6
33,2
18,3
9,5
3,3
19,11
19,1
24,2
19,8
14,6
30,6
1,34
18,2
24,3
1,46
18,2
4,12
15,4
20,3
25,7
6,6
29,7
29,1
1,10
2,11
33,6
29,7
21,2
14,4
29,6
18,9
14,3
3,5
1,24
11,7
1,39
28,1
1,51
6,7
25,1
11,7
15,7
20,6
9,9
1,38
13,9
6,3
3,7
18,8
2,7
15,6
23,5
32,10
31,4
1,40
19,8
19,7
19,12
30,3
25,10
1,21
1,5
22,5
31,2
32,4
29,2
19,1
2,3
25,7
30,7
5,5
5,2
9,3
1,23
33,7
15,5
3,1
1,26
4,2
33,6
1,10
33,8
9,9
1,10
1,24
1,29
15,4
19,6
1,16
30,2
1,26
5,4
2,4
24,4
5,3
3,11
30,9
34,3
31,6
31,11
13,1
7,7
25,1
5,1
22,2
29,2
32,9
33,2
3,6
32,8
14,2
15,8
25,12
21,7
1,21
4,1
34,5
6,6
29,5
1,3
13,1
34,10
5,4
20,7
20,7
32,7
1,29
10,5
19,7
8,3
21,5
1,13
24,6
1,29
1,6
3,3
1,21
34,1
3,4
5,2
1,21
27,5
11,4
28,2
5,5
25,6
19,5
14,1
1,23
30,3
25,11
14,4
25,11
28,4
27,2
25,7
22,5
34,5
3,14
10,7
4,1
3,2
9,4
34,10
25,3
33,8
1,2
18,1
18,7
3,2
20,4
1,41
32,6
32,6
21,7
3,10
3,4
21,4
31,2
15,4
11,6
1,18
15,8
34,8
34,6
1,38
31,6
15,3
1,16
1,29
20,4
32,6
15,7
14,4
12,1
1,29
1,47
3,7
4,1
21,4
23,5
20,2
1,35
1,37
6,5
1,21
32,3
27,3
2,8
1,8
25,5
5,6
23,5
24,2
19,7
10,11
3,7
11,4
1,21
11,9
32,5
18,10
28,2
28,3
5,5
15,4
7,7
19,3
34,3
9,2
1,57
28,3
15,1
22,5
23,7
34,6
34,2
4,3
28,4
11,4
14,2
1,12
1,34
25,4
22,5
1,52
20,6
2,7
20,3
14,3
1,6
4,3
32,10
22,2
6,6
21,4
14,2
17,1
19,3
13,9
19,7
18,1
3,5
1,55
3,16
14,2
28,4
13,8
6,7
23,3
1,16
30,9
13,9
31,6
32,5
32,8
15,4
21,3
1,18
27,5
1,16
20,5
2,9
2,4
21,4
7,9
6,5
29,7
3,8
3,9
27,1
34,2
1,13
13,2
2,13
30,2
10,3
4,8
22,3
3,6
3,9
24,7
19,3
1,34
13,5
1,34
34,1
22,2
9,6
1,20
33,5
1,3
2,1
9,6
33,5
25,5
1,29
1,3
24,5
12,1
3,6
1,37
3,5
19,9
11,11
3,2
32,8
21,7
2,4
15,7
20,5
13,3
24,3
1,4
12,6
3,7
14,2
33,2
27,1
14,5
14,1
6,5
3,5
3,5
13,3
3,9
20,3
1,8
3,9
3,10
21,2
32,6
1,26
32,7
31,10
2,8
1,29
10,5
6,1
21,3
9,8
1,5
10,2
6,6
29,5
3,5
24,5
3,3
14,5
33,3
3,17
1,17
30,10
9,1
30,2
22,6
10,3
15,2
1,51
21,4
1,57
10,5
28,2
25,2
2,2
2,7
3,3
3,4
1,11
14,4
6,3
1,31
33,5
25,12
32,7
20,3
27,4
25,2
25,11
10,8
24,7
1,43
3,3
3,4
1,33
2,10
18,10
22,2
14,5
1,34
7,2
3,8
27,2
3,7
34,6
3,10
9,7
9,4
1,32
3,1
29,1
9,6
3,4
1,34
27,3
5,3
25,7
1,4
7,8
5,5
32,11
25,12
3,7
13,4
6,6
7,3
5,1
32,8
12,6
31,2
24,6
24,4
2,6
32,8
28,3
1,10
3,1
3,7
20,1
1,12
23,3
5,2
24,7
18,8
19,4
1,36
33,8
25,3
25,11
20,6
1,23
1,19
33,4
10,1
6,1
10,5
1,3
31,7
32,1
30,3
19,8
31,8
18,6
28,2
1,15
34,8
21,6
29,3
33,3
25,12
5,5
22,5
31,3
32,10
16,1
19,5
5,3
22,2
32,9
19,3
20,7
33,7
19,7
3,18
1,3
23,6
15,1
3,3
1,10
1,12
9,3
9,2
32,10
31,11
13,1
19,3
30,7
14,2
18,5
15,3
6,3
3,3
22,3
3,15
34,10
30,3
1,1
20,5
34,3
33,1
1,41
29,8
34,9
3,9
1,11
18,3
18,11
1,6
30,9
1,34
28,4
2,7
19,5
25,6
1,3
1,48
7,9
21,4
1,21
3,11
19,7
5,2
33,6
33,9
1,46
19,9
15,2
31,2
1,15
29,3
32,1
3,16
7,6
1,34
20,6
29,1
1,15
1,14
1,5
32,7
1,16
13,9
4,4
34,8
30,3
1,12
10,10
15,3
19,10
1,40
19,9
21,4
3,9
1,10
19,7
29,2
1,38
1,40
20,3
1,41
30,10
27,2
28,1
32,2
34,8
29,2
34,6
34,3
29,6
3,3
32,2
6,6
25,3
31,7
1,7
1,21
19,12
29,6
10,12
2,6
1,7
27,4
1,53
19,4
27,3
25,1
9,3
1,15
6,6
3,16
29,7
21,6
33,6
25,1
5,5
1,6
22,5
34,1
3,9
32,9
13,2
22,1
1,60
3,1
30,8
22,1
10,11
21,4
2,11
5,1
2,12
20,6
14,3
11,3
31,10
34,8
1,24
1,1
5,6
5,3
27,1
3,3
5,1
15,2
22,2
1,1
5,1
32,1
18,2
31,2
2,3
3,2
25,13
6,5
1,47
32,7
33,2
20,7
27,2
9,5
19,12
12,2
25,2
13,5
3,8
2,13
1,21
34,1
32,10
10,1
5,3
34,4
3,7
27,4
30,7
1,21
10,6
1,34
14,6
9,8
12,5
20,5
16,1
34,6
9,4
25,1
32,9
19,5
1,45
2,2
27,2
9,4
19,1
6,1
34,9
1,37
31,2
25,7
6,5
25,7
2,11
3,1
14,5
1,21
30,8
7,8
24,2
13,6
21,2
21,4
34,5
1,50
2,2
34,6
10,12
27,2
34,1
1,41
34,1
22,3
1,18
11,5
5,2
20,5
13,1
9,7
9,10
31,8
9,4
13,6
18,11
33,7
23,7
13,1
12,4
3,15
1,42
11,9
28,1
25,11
4,12
31,8
32,7
12,3
19,4
5,5
3,11
34,1
9,4
2,3
23,6
18,5
13,9
27,1
23,4
6,6
5,1
1,9
14,5
1,57
21,4
3,2
32,5
1,20
11,11
32,3
19,9
21,2
23,4
13,9
34,7
20,4
8,3
30,9
34,5
23,7
33,9
18,6
1,7
19,7
7,2
1,34
32,9
33,8
9,7
13,8
29,8
19,9
23,5
28,3
3,5
7,9
14,2
25,2
18,3
7,2
29,8
1,43
3,5
25,7
25,3
3,3
1,5
1,15
21,5
29,10
34,8
15,4
31,2
6,7
4,1
9,3
29,7
1,37
31,3
1,9
27,3
9,1
33,5
2,2
1,1
3,8
28,3
7,1
32,4
7,6
24,4
23,4
1,4
20,7
25,10
19,14
3,9
1,8
1,39
23,2
15,2
4,7
9,6
34,7
13,6
1,1
25,2
14,3
9,7
1,8
34,5
9,9
31,3
3,15
31,9
7,4
3,11
7,3
21,7
3,5
33,1
18,8
13,6
24,6
1,21
14,3
18,3
27,5
9,8
2,9
10,12
15,8
13,7
1,15
10,11
14,2
5,6
3,3
1,11
10,7
11,11
1,52
1,3
34,5
15,8
7,7
21,2
5,6
29,6
32,5
12,6
1,43
33,9
32,3
18,5
25,10
10,4
27,1
5,3
19,10
4,12
1,42
24,2
14,2
17,1
31,1
34,9
31,3
1,3
25,10
5,5
25,3
34,4
34,9
9,4
6,4
3,11
10,14
2,7
20,7
9,8
7,2
19,10
1,16
5,5
13,9
22,6
2,14
13,7
31,7
1,30
1,1
34,5
1,46
2,3
1,34
21,7
7,4
34,4
1,36
22,2
3,3
30,6
33,3
10,7
25,7
1,34
2,7
19,9
32,1
22,2
27,1
18,4
33,7
19,3
25,13
28,2
33,9
1,2
20,7
1,1
1,29
22,2
1,44
22,3
14,6
3,19
1,33
1,2
18,9
1,32
3,5
5,1
13,4
15,7
19,8
10,5
32,6
3,10
3,1
6,3
18,7
6,6
5,3
1,36
34,5
1,44
9,2
6,2
5,5
25,2
29,1
31,10
1,1
21,3
31,2
22,5
1,29
20,6
20,4
1,14
30,5
25,10
27,2
1,10
1,14
1,14
3,10
23,4
1,34
10,8
9,8
15,7
15,4
2,1
4,6
1,49
7,4
5,5
21,7
1,48
1,33
14,2
9,8
25,11
7,9
6,6
10,7
23,4
34,9
1,24
20,6
1,37
32,2
1,34
23,4
19,10
3,4
2,7
5,4
15,7
27,2
2,11
5,6
2,11
2,8
30,9
29,8
21,5
32,4
3,7
15,5
34,10
15,3
6,7
1,16
3,4
1,2
2,2
18,6
32,1
28,2
5,5
10,1
28,1
1,57
24,6
1,9
2,3
10,14
32,6
1,19
9,10
23,4
27,1
30,6
1,34
25,2
18,10
15,5
6,6
27,2
6,6
18,2
3,1
28,3
3,10
28,2
29,5
32,10
32,1
19,3
11,1
25,10
21,4
30,9
12,3
32,1
1,29
1,6
11,1
1,25
19,7
19,3
32,2
20,3
21,3
33,3
1,14
6,6
6,7
1,10
18,3
34,6
3,11
1,24
10,11
3,9
33,9
4,1
1,24
27,1
31,10
25,12
30,7
25,7
4,11
32,8
31,11
19,4
20,3
21,5
32,10
12,6
4,1
19,9
5,5
25,12
1,52
11,7
3,6
20,2
19,5
6,6
1,6
30,9
34,10
18,2
34,6
2,2
5,5
34,10
4,11
19,6
11,6
13,5
6,2
2,5
22,2
11,3
7,3
21,3
18,10
1,55
5,1
9,2
5,6
5,5
1,3
20,5
9,5
9,6
1,28
15,4
23,4
32,2
23,4
28,3
4,12
21,4
18,11
19,5
10,2
25,11
29,10
25,6
22,2
31,6
33,6
6,1
19,3
13,8
5,6
30,8
30,7
1,6
15,2
7,1
1,20
9,5
19,5
1,15
21,4
20,2
31,1
3,5
1,38
4,6
19,9
34,5
15,4
1,25
18,5
9,2
19,10
13,4
25,1
3,5
25,13
27,1
18,10
23,7
24,4
24,4
1,2
30,9
33,5
18,7
6,6
6,3
34,5
25,7
20,3
3,10
2,1
1,5
5,4
1,35
7,8
7,2
15,2
18,6
3,10
31,3
30,8
29,6
27,3
31,8
33,6
1,41
10,5
5,6
22,6
24,7
18,4
28,1
2,3
1,21
25,2
10,12
18,10
1,21
34,1
21,2
30,5
24,4
3,16
25,2
27,4
21,7
10,3
19,8
18,12
15,5
25,1
25,7
19,3
33,4
3,2
4,9
18,11
2,8
19,9
20,5
15,5
32,9
23,2
1,60
27,1
32,10
33,3
29,1
29,1
32,8
3,3
24,7
18,4
2,11
10,3
1,45
7,8
15,7
21,7
24,4
5,3
15,6
1,43
34,9
1,1
25,6
32,2
21,4
9,9
11,7
5,2
25,11
31,9
28,3
1,57
34,5
32,8
22,5
2,13
6,5
25,1
5,6
5,3
3,5
19,11
33,2
25,11
11,6
19,3
27,2
3,6
21,6
24,6
18,5
1,52
30,3
31,10
3,18
20,7
1,2
20,3
20,6
4,7
34,2
19,9
7,3
19,9
25,1
27,2
5,1
19,9
6,6
20,2
5,5
34,10
13,7
10,6
31,9
11,5
23,3
24,6
7,9
33,9
28,1
10,12
19,6
1,14
29,1
18,12
15,4
34,5
1,42
32,6
11,10
7,2
3,15
3,5
29,2
7,3
24,7
18,2
2,7
2,8
19,3
31,8
28,4
32,6
20,2
10,12
1,51
18,2
3,1
15,2
33,8
1,2
11,3
20,7
33,5
31,6
25,3
12,4
6,3
1,47
5,2
32,5
3,14
12,1
19,5
21,6
15,7
20,4
11,9
27,1
30,5
19,7
4,3
5,3
1,55
5,5
1,3
30,8
4,4
15,7
28,1
31,4
32,7
33,6
3,12
19,10
34,8
32,8
21,7
5,3
31,8
1,29
20,7
1,10
24,5
19,1
4,3
10,5
29,9
14,1
23,6
24,5
20,4
1,11
29,2
1,44
11,2
31,10
1,18
25,7
29,1
29,1
11,4
32,7
28,3
13,2
12,6
30,3
7,1
28,3
33,9
30,5
1,32
5,2
34,10
14,1
25,7
32,7
9,3
2,9
9,4
13,3
19,7
19,3
3,4
24,4
34,5
21,7
5,1
14,6
29,10
9,6
31,8
32,7
21,6
20,3
27,2
32,6
34,6
13,2
32,1
1,35
3,6
10,13
11,6
1,10
2,1
9,5
2,13
33,7
20,7
4,3
29,3
13,1
19,7
18,11
6,6
20,5
34,7
1,53
12,5
3,18
6,1
1,8
21,1
1,59
9,2
23,4
2,7
21,6
23,3
32,8
4,10
34,6
33,8
3,5
15,3
25,10
27,2
3,3
15,3
34,9
9,10
19,9
6,1
19,6
5,3
2,9
7,9
8,1
25,4
14,4
5,3
28,1
11,6
1,5
21,3
28,2
25,6
31,9
3,19
3,10
18,8
13,7
1,39
15,5
7,7
29,2
34,9
19,13
21,4
29,9
13,3
19,6
19,7
31,10
4,1
1,34
21,7
22,3
28,4
1,32
30,10
6,7
21,4
29,7
3,9
32,6
14,4
14,2
1,15
13,3
3,5
25,7
7,3
10,9
1,32
32,1
18,3
3,6
22,2
11,5
18,11
4,6
11,1
14,2
13,3
5,6
23,5
32,10
14,4
34,2
11,9
25,1
19,7
3,7
20,4
12,3
34,6
32,8
20,6
31,8
1,22
9,10
5,3
33,3
34,9
15,7
18,8
23,4
6,7
7,2
28,3
1,34
4,9
32,3
1,24
15,3
30,9
5,3
9,4
22,2
23,4
4,11
34,4
12,6
18,8
1,14
1,37
25,5
30,10
2,1
1,31
11,11
32,8
23,2
21,7
9,7
1,6
34,10
15,4
3,5
10,2
5,5
2,11
28,2
31,10
30,8
14,4
1,14
1,55
34,7
33,9
20,3
28,4
1,19
10,1
14,1
5,3
34,2
1,12
32,7
19,7
5,5
27,1
1,60
31,11
10,7
9,6
9,1
11,4
5,5
1,56
2,6
5,2
28,1
1,21
32,5
10,5
2,6
34,8
5,6
1,14
21,6
5,1
5,5
31,3
22,1
29,10
1,29
3,18
22,3
13,6
3,19
25,2
5,2
15,5
34,6
24,4
10,3
19,1
1,12
25,1
1,16
11,9
7,6
32,10
3,1
5,5
24,5
7,5
19,2
19,10
2,4
6,6
29,5
5,2
6,6
22,5
1,12
1,39
32,5
19,8
11,1
11,10
1,3
30,10
19,7
1,6
25,1
21,6
5,3
19,3
3,6
32,8
25,7
6,1
22,6
25,13
6,6
31,3
24,4
32,6
25,1
29,3
20,5
1,21
34,2
21,3
29,1
6,7
5,3
25,7
10,11
11,2
1,30
4,6
10,5
24,2
27,2
31,8
1,51
30,6
1,14
34,10
4,11
3,5
21,4
3,10
20,7
2,2
1,36
3,16
1,15
29,3
28,4
31,4
1,34
25,2
14,3
3,2
1,27
30,9
9,7
28,4
34,3
19,14
3,3
14,6
3,16
3,12
20,4
14,4
13,8
30,9
23,4
5,5
1,58
23,7
13,6
3,9
3,7
33,5
18,11
10,5
12,2
29,1
1,6
31,8
1,21
25,10
32,4
1,49
1,45
5,6
18,4
10,11
23,4
3,7
13,7
25,3
1,37
24,4
13,4
34,2
29,8
10,4
21,4
1,8
15,6
1,2
33,3
27,1
1,19
15,1
24,3
1,29
20,7
25,7
23,2
25,11
3,5
3,3
10,10
3,5
33,1
29,2
2,1
5,1
30,3
15,8
2,7
13,9
2,7
1,15
28,2
20,7
3,9
25,8
1,15
19,4
3,3
31,10
32,9
15,7
15,4
24,6
33,4
25,12
12,5
6,6
25,6
31,6
1,21
3,7
13,1
13,3
19,1
2,7
33,9
15,6
23,7
25,12
2,3
3,9
11,5
34,4
31,6
31,10
5,2
19,9
3,8
25,1
32,1
27,2
28,2
9,5
4,10
3,13
20,7
19,5
2,2
5,6
25,6
15,7
34,4
18,7
30,6
3,3
25,7
28,1
19,3
2,1
27,1
13,7
18,6
19,3
25,3
25,10
33,4
7,9
1,3
5,5
3,8
34,10
9,2
11,2
31,10
26,1
1,20
30,9
1,32
33,2
12,1
29,5
3,7
19,5
3,15
25,7
33,4
24,4
15,2
1,15
29,5
7,7
10,3
32,8
1,26
9,8
18,8
23,6
5,5
6,1
1,11
3,2
19,3
3,7
5,6
25,1
33,2
24,4
19,5
1,34
15,1
15,3
1,31
6,7
7,1
30,6
18,6
5,5
27,1
1,34
1,10
3,10
23,6
6,6
5,6
3,9
1,29
5,6
29,1
1,34
25,1
4,12
1,11
18,6
28,2
2,7
32,9
9,3
19,2
13,1
33,9
1,10
13,8
1,21
1,9
3,1
18,4
1,50
13,3
29,1
6,4
15,2
11,9
25,8
31,10
31,8
3,5
15,1
1,12
3,8
16,1
5,1
13,1
2,4
34,5
10,11
24,4
33,6
25,3
18,5
20,7
1,50
7,3
33,3
3,8
10,3
1,59
18,4
3,8
29,3
19,7
12,4
5,2
19,9
29,3
1,36
5,1
6,1
20,7
19,9
19,10
2,1
3,7
5,5
15,8
15,7
3,9
1,6
28,2
19,1
29,5
10,4
25,10
7,7
33,2
5,3
19,14
34,3
31,8
33,3
19,9
3,6
1,3
1,12
30,2
34,10
1,15
3,7
33,2
2,5
29,6
3,1
18,3
1,41
1,8
1,34
12,1
24,2
1,8
19,10
7,3
3,18
34,8
3,4
6,3
25,3
1,34
1,54
32,3
1,1
1,3
24,2
1,6
1,21
21,3
27,2
10,6
11,10
12,4
3,10
3,16
24,3
33,2
13,9
1,34
28,1
19,5
1,33
1,20
19,6
33,7
5,1
5,5
1,15
22,3
21,6
28,1
24,7
11,4
15,2
4,9
3,5
21,2
32,2
6,1
1,2
15,2
34,4
22,5
5,1
20,2
3,9
1,56
29,7
5,2
34,7
19,3
27,2
31,8
29,10
30,1
32,7
1,20
6,6
32,8
1,45
1,13
1,49
31,9
23,7
6,8
10,7
6,3
29,1
34,1
4,12
28,1
1,42
3,3
1,34
34,8
1,18
30,8
21,5
24,6
1,50
34,7
28,3
5,6
22,5
25,2
1,21
18,7
25,11
19,4
4,9
21,3
1,17
25,10
15,2
32,1
25,3
1,24
13,9
1,22
31,7
1,11
5,5
20,3
31,10
1,14
6,7
15,4
18,7
1,29
12,6
18,6
13,9
29,9
14,1
10,1
6,5
3,4
1,25
21,3
27,2
10,1
3,3
30,8
21,6
9,8
1,21
12,4
3,16
4,1
23,2
19,6
9,2
2,1
34,2
34,10
10,1
19,10
23,3
1,48
1,1
23,2
27,1
25,11
20,7
3,1
19,7
19,3
33,4
1,5
12,4
18,10
24,3
23,4
6,3
1,28
19,1
32,10
7,3
3,7
31,8
10,2
33,9
22,2
1,41
4,9
19,9
9,7
1,46
31,2
29,6
32,8
19,2
3,3
15,1
6,3
5,2
27,1
10,12
18,3
1,10
27,1
23,4
11,8
20,6
25,1
9,7
13,9
1,34
32,8
25,8
34,5
25,2
33,8
5,5
29,3
15,3
32,10
1,20
34,1
1,18
