Hand,Neck
14,17
2,45
0,36
11,22
26,5
6,10
15,0
0,12
0,30
0,16
25,0
5,10
25,10
18,47
10,34
11,16
0,22
0,10
17,3
19,14
0,36
17,11
17,0
0,31
17,18
15,25
19,2
7,21
21,47
17,0
5,15
25,1
11,0
20,5
5,6
16,3
13,43
8,8
12,0
11,43
4,4
19,33
16,16
0,41
13,39
14,41
0,25
10,0
5,0
1,11
0,25
26,39
0,22
4,17
10,34
16,15
0,45
0,27
8,0
11,23
12,13
26,40
21,21
20,47
19,41
26,8
0,0
1,32
0,27
20,11
7,47
11,0
7,0
21,3
26,9
4,25
0,44
13,35
4,43
0,28
0,2
13,40
6,30
12,16
7,9
3,32
0,3
5,1
0,0
7,22
3,0
0,2
23,28
5,30
24,31
26,30
23,26
21,11
0,0
25,41
0,0
17,34
2,0
19,34
10,7
0,0
0,35
21,39
26,0
8,43
8,10
2,47
20,11
26,43
16,25
12,47
23,11
21,0
1,38
7,31
2,17
19,6
3,39
4,25
18,41
15,36
13,16
14,31
2,25
0,44
14,19
1,39
8,45
5,20
7,16
7,44
23,23
0,1
10,45
4,44
4,6
14,24
15,39
21,23
0,41
0,5
5,9
10,47
20,3
15,11
26,11
0,10
25,6
11,11
26,2
17,11
8,11
25,12
24,20
26,25
26,22
25,15
8,33
13,24
0,0
10,8
5,14
0,22
4,47
26,27
0,8
26,3
24,47
23,15
0,27
8,34
11,33
9,2
20,32
16,2
4,2
19,23
11,10
17,35
26,21
25,2
15,25
6,3
7,4
19,33
25,4
10,46
0,0
0,37
0,25
4,43
19,29
21,43
2,27
2,26
21,27
19,5
26,15
18,22
0,35
0,29
6,45
3,11
0,0
13,11
5,20
26,45
11,31
7,12
10,0
17,30
1,9
0,42
10,7
25,46
0,41
20,0
17,0
26,16
18,37
0,40
20,6
0,18
8,6
8,35
7,13
10,43
20,27
4,34
3,21
4,4
8,16
17,0
15,43
10,23
15,26
1,0
11,6
19,0
3,14
0,45
14,10
1,5
17,36
7,3
13,33
10,18
0,0
21,41
0,32
23,0
21,28
5,19
0,44
0,15
5,45
25,3
26,35
25,15
13,23
0,0
0,14
7,34
26,4
21,0
0,43
0,6
1,9
26,0
20,10
7,39
10,9
20,45
13,15
10,29
4,8
21,29
9,11
14,3
14,11
14,24
0,11
0,37
19,40
11,23
0,11
4,19
8,10
0,19
1,27
17,0
20,11
4,27
20,13
6,2
14,39
0,27
0,33
7,25
0,10
11,37
0,36
0,32
26,0
0,34
0,43
23,21
10,11
5,34
1,40
2,18
0,9
0,31
7,35
20,45
26,33
4,11
25,16
10,23
10,0
14,0
20,19
0,7
4,28
0,11
16,14
0,0
9,11
2,0
12,18
22,13
0,19
0,45
21,39
14,40
0,43
8,1
0,32
0,33
0,4
11,30
5,13
17,27
0,25
5,14
0,0
26,41
10,3
4,7
1,11
0,5
3,27
7,3
21,25
13,39
12,27
11,0
8,11
13,25
11,44
14,7
3,16
7,5
17,40
17,24
0,14
8,13
1,16
26,18
13,14
26,3
25,2
0,2
26,36
19,15
20,28
1,39
15,6
0,11
0,18
0,33
2,7
26,43
26,41
26,46
15,0
19,0
20,11
12,26
0,11
0,0
0,32
5,35
2,15
19,28
1,0
8,41
0,5
26,11
25,22
0,44
0,43
19,0
18,25
14,39
0,0
17,29
0,45
11,35
14,28
7,32
10,38
15,29
0,3
13,21
8,24
14,35
25,24
13,0
0,36
12,0
19,31
26,3
0,10
13,23
0,43
8,30
26,18
14,23
0,36
2,1
0,11
3,42
20,0
16,14
17,20
15,14
20,23
0,16
0,17
0,28
4,12
0,36
10,30
21,8
17,2
0,21
24,0
0,0
10,5
0,18
0,24
1,0
26,11
25,21
20,31
11,0
19,4
17,45
26,45
6,5
1,15
0,31
8,36
0,3
16,47
17,10
8,29
20,18
8,17
16,29
24,25
22,12
5,34
0,10
21,39
1,17
0,37
1,8
1,1
11,40
26,39
16,14
11,10
0,15
20,1
0,25
11,38
0,21
20,30
0,14
21,31
0,29
14,21
5,19
23,33
0,0
26,9
4,1
4,16
21,33
21,13
0,2
19,27
11,18
14,29
5,16
7,5
0,12
6,12
20,13
0,46
15,8
8,36
13,9
21,6
20,14
1,21
11,16
0,30
12,20
26,27
10,16
19,47
0,34
0,8
14,1
0,44
0,37
21,3
21,29
15,34
10,6
24,6
13,19
13,13
0,24
4,42
15,11
2,47
4,44
10,11
15,0
14,27
16,15
11,3
13,16
14,0
0,12
17,39
14,31
3,33
25,8
6,41
26,41
3,27
4,41
6,16
10,25
0,16
15,27
15,10
0,13
8,27
0,11
19,3
13,42
11,32
8,11
19,6
19,39
0,25
20,13
10,30
11,31
20,11
2,11
13,14
16,16
25,37
1,2
1,1
11,0
13,23
15,22
8,1
14,10
14,16
5,0
5,23
14,35
8,9
10,6
0,4
0,15
9,37
0,37
15,0
0,45
14,37
0,15
2,11
0,12
21,11
26,5
17,8
5,0
0,33
21,35
21,42
25,40
15,44
12,0
21,18
17,14
0,10
5,6
16,11
0,2
0,43
0,15
26,46
0,0
0,18
7,25
0,39
11,0
14,21
17,17
0,10
5,0
0,30
13,9
4,0
5,14
9,40
0,10
14,24
10,5
13,32
14,0
0,23
21,2
0,0
0,2
0,0
4,8
19,13
21,37
11,47
17,21
13,0
15,39
8,23
17,38
0,30
11,42
0,38
8,33
19,32
0,10
14,22
10,36
1,10
1,36
7,31
0,18
17,29
0,1
5,24
25,7
17,30
8,21
5,42
0,19
25,24
0,19
25,11
21,37
11,18
5,1
20,0
13,31
19,16
13,23
26,14
2,34
21,24
16,32
0,30
2,17
12,33
10,39
20,45
14,39
14,0
19,29
17,32
14,13
21,3
10,12
20,34
13,27
13,47
19,41
14,24
5,25
14,23
13,13
0,18
0,18
13,1
19,1
26,15
15,38
7,19
20,33
0,33
20,16
4,19
11,21
0,40
8,6
5,2
17,17
0,27
2,7
0,14
18,0
22,47
0,1
0,2
6,7
17,18
19,27
4,19
5,41
10,0
10,6
4,38
20,6
0,30
3,22
25,18
8,12
5,13
5,0
11,10
17,23
25,34
11,0
0,45
20,1
8,7
15,32
1,11
12,47
19,36
26,10
0,40
23,0
0,35
12,3
0,34
0,17
17,15
8,4
0,14
20,43
4,5
14,0
17,7
26,37
0,0
17,18
14,42
15,44
0,18
4,6
0,7
26,12
0,1
6,11
11,0
9,40
17,23
23,36
17,10
8,36
14,9
0,43
18,2
26,34
0,7
25,10
12,32
26,9
0,37
14,7
26,46
23,34
0,15
21,36
17,3
20,18
0,19
26,11
0,23
25,4
0,47
0,0
8,28
9,42
1,14
21,3
0,6
19,22
25,0
25,21
21,5
26,1
11,44
0,26
3,31
20,0
10,44
14,28
2,35
19,3
15,2
24,5
3,19
0,26
1,41
22,25
15,2
21,0
5,18
0,0
15,0
1,20
0,41
9,6
4,25
19,29
0,0
15,2
2,32
16,19
9,27
16,11
26,30
0,7
10,34
25,8
0,32
20,19
8,0
4,7
8,2
0,14
10,3
0,20
26,19
8,27
6,24
17,40
8,0
13,37
2,32
0,5
0,18
0,10
0,0
11,26
10,33
8,28
10,12
5,0
6,16
10,10
19,36
19,18
15,44
19,23
13,11
11,31
24,24
26,12
0,0
15,15
20,43
7,6
8,8
0,14
13,18
15,0
0,31
0,9
15,25
0,31
5,11
19,25
0,31
26,32
17,14
19,26
10,29
26,3
20,13
16,5
18,0
14,21
24,32
7,44
4,19
0,11
20,36
0,37
16,37
22,34
13,9
24,46
4,23
10,37
2,0
1,32
12,19
12,11
0,1
4,43
16,17
0,47
8,19
21,9
0,13
0,0
25,32
16,11
26,26
7,25
1,39
0,11
0,14
0,36
1,35
14,36
5,0
21,30
26,5
13,0
23,36
3,17
20,23
0,14
23,44
0,32
20,0
19,3
1,40
11,4
10,37
25,8
21,25
24,43
5,36
26,44
2,14
13,33
21,23
25,18
10,10
0,34
20,47
8,23
23,18
0,1
23,20
14,39
21,0
0,31
0,0
0,8
0,24
20,6
16,6
21,32
8,11
4,23
7,25
21,3
11,43
8,28
6,5
15,0
11,0
6,8
14,20
26,45
19,0
0,0
25,36
1,11
21,32
9,13
0,14
10,7
7,21
0,21
0,7
0,5
0,4
13,35
20,9
20,23
15,11
2,36
26,28
0,30
20,21
5,11
8,34
25,27
0,3
20,21
11,47
5,32
0,34
19,9
25,4
0,32
6,20
0,0
14,29
15,30
15,45
22,11
26,10
2,2
8,36
25,16
6,11
16,15
16,7
17,0
5,14
25,21
1,20
0,11
21,39
4,12
19,32
11,11
18,10
21,40
1,0
0,44
26,2
8,10
8,0
10,1
2,12
21,23
19,3
0,28
0,43
15,27
7,16
20,14
0,26
20,9
4,11
26,0
20,38
0,5
0,31
0,11
11,11
4,18
0,0
20,18
25,43
16,38
26,38
0,34
10,19
14,46
0,2
16,37
12,45
26,22
12,20
23,9
0,3
8,28
21,18
0,14
20,20
6,0
5,35
10,45
21,5
8,39
4,44
0,16
26,30
6,14
11,36
0,0
0,28
25,11
15,9
15,0
0,19
14,11
22,37
2,39
0,41
0,0
26,11
16,0
24,43
11,12
25,36
8,21
21,25
15,39
0,7
0,24
1,35
0,45
26,27
1,14
13,21
5,30
10,43
22,4
4,1
0,16
14,37
18,9
4,4
0,35
7,29
15,31
9,13
0,15
0,19
20,18
25,10
23,19
8,24
0,21
0,1
11,14
16,21
7,41
10,22
0,32
5,39
0,11
11,13
14,16
0,7
0,20
15,43
0,11
19,9
2,30
6,9
19,36
2,32
19,41
23,0
17,16
3,10
0,33
3,0
10,39
0,7
2,1
0,38
11,10
2,46
16,35
0,39
1,2
17,11
21,33
21,32
13,39
0,7
7,3
8,21
7,8
14,0
7,8
1,11
8,13
3,15
7,40
16,0
0,35
1,45
11,34
1,11
1,3
23,46
1,19
25,1
26,40
17,33
0,16
17,11
13,34
2,43
0,47
7,25
0,36
19,43
7,24
17,26
21,3
2,44
0,9
2,36
0,45
0,39
12,26
19,47
6,3
20,40
4,40
7,6
0,11
3,45
11,11
9,46
8,27
25,27
17,21
0,10
7,40
26,7
17,33
13,4
13,7
26,21
15,5
13,15
10,26
14,47
3,0
17,16
0,6
7,28
17,33
22,8
21,39
14,14
13,40
7,1
15,23
2,37
1,5
13,20
0,31
15,40
26,11
6,5
10,19
23,1
8,7
2,15
0,31
8,37
0,2
26,40
7,10
0,28
26,33
20,10
0,14
25,25
14,9
22,15
12,46
23,31
0,44
3,31
9,14
15,45
16,22
11,39
14,6
13,7
7,45
15,3
13,0
13,19
25,36
0,25
25,7
11,0
8,28
20,0
4,2
14,9
0,11
2,15
24,1
7,0
0,24
26,35
6,32
0,37
14,8
1,25
3,1
1,17
10,12
15,25
0,35
26,24
0,40
11,44
0,0
20,46
11,33
11,18
14,35
9,1
0,5
0,9
6,0
17,40
11,1
19,15
17,18
10,11
26,45
2,32
26,14
26,31
0,28
7,13
20,37
0,7
0,41
11,15
8,32
24,19
20,23
11,3
0,0
8,45
21,30
26,2
17,4
8,11
4,1
15,12
0,12
0,7
26,27
0,0
13,32
21,16
26,23
8,13
0,1
0,22
2,0
22,0
0,44
10,33
0,11
1,21
14,40
0,28
0,43
21,34
21,44
16,34
0,38
8,4
14,3
9,7
23,43
11,0
7,25
20,11
13,39
4,11
0,16
11,6
21,11
13,17
26,31
0,24
2,36
17,27
22,30
23,7
0,28
0,10
0,40
20,26
7,14
17,21
16,38
0,12
26,16
0,10
26,0
2,32
15,4
3,8
0,3
2,28
14,12
11,6
0,18
21,16
11,5
0,21
0,4
0,0
1,4
23,14
23,18
17,37
10,33
0,6
1,0
12,18
17,1
6,14
9,14
26,5
17,11
10,31
0,12
24,27
0,47
0,35
1,1
0,22
7,30
0,39
20,0
4,19
16,28
0,23
19,25
0,12
2,8
0,4
14,26
6,23
0,18
6,22
0,40
10,21
0,0
0,11
2,18
0,27
0,0
19,34
0,14
2,25
0,0
0,47
11,34
26,32
0,18
0,0
13,10
13,14
6,21
10,44
14,41
11,38
8,8
6,41
4,21
25,38
8,0
25,11
0,33
19,11
0,0
0,40
0,0
0,25
5,46
0,9
20,4
10,42
20,0
7,10
21,11
8,11
8,7
18,45
0,34
0,31
8,10
13,21
2,0
0,19
8,1
19,42
0,3
4,31
5,16
11,28
21,4
1,7
13,26
0,27
20,45
21,24
16,0
5,42
17,33
11,34
26,26
7,6
26,35
20,43
4,47
9,47
9,32
13,7
0,11
26,30
4,26
5,14
14,0
9,47
5,36
19,12
1,0
4,37
10,0
25,25
12,23
25,32
4,0
11,12
13,2
23,0
19,24
23,47
0,30
15,30
4,44
5,2
10,12
14,14
26,15
17,3
14,3
0,14
14,18
24,7
26,33
23,31
12,5
17,4
21,10
26,13
19,28
8,12
14,8
0,34
2,33
0,39
10,24
3,14
4,28
13,16
3,2
10,0
8,11
0,47
12,5
20,44
2,29
26,5
14,10
23,4
0,32
26,14
0,14
20,47
6,45
11,14
17,43
17,19
4,0
0,34
6,3
0,30
0,31
21,0
25,2
0,14
20,28
7,38
15,0
17,34
0,0
8,8
26,39
14,40
26,23
0,10
25,0
17,34
15,0
21,26
21,31
20,32
0,27
10,24
11,14
22,45
5,47
0,35
3,37
0,25
1,37
17,4
15,39
25,13
14,16
7,47
8,45
1,2
21,0
25,11
24,0
4,24
1,21
14,41
0,11
1,24
26,32
6,19
19,0
13,0
21,16
20,14
26,14
20,23
0,7
0,41
13,14
0,34
16,29
25,11
26,19
15,3
14,7
0,22
21,24
0,0
10,40
0,0
15,32
6,0
6,0
2,8
20,19
19,41
0,45
26,0
26,19
14,4
16,14
0,44
26,44
14,36
17,11
17,47
0,37
8,39
8,2
4,10
26,34
3,25
0,2
0,34
1,34
26,1
15,25
15,40
21,12
11,39
21,31
25,6
26,16
6,8
0,3
16,0
8,47
26,21
2,16
6,6
4,3
0,28
2,27
26,0
2,0
10,6
20,4
5,39
22,35
7,39
19,28
9,15
19,12
5,23
5,12
10,35
25,27
0,20
21,30
13,3
21,1
22,21
17,27
8,34
15,0
4,24
21,10
4,25
8,34
5,32
19,43
6,0
19,3
4,0
13,0
1,0
26,47
0,0
0,0
0,0
8,27
4,9
23,12
0,5
13,14
24,11
4,18
17,47
5,22
0,19
0,41
6,4
11,40
21,36
20,16
8,0
25,38
3,18
9,45
10,34
13,37
23,23
11,21
5,37
16,0
11,6
18,35
20,22
12,40
15,24
0,11
18,11
20,11
13,34
26,37
7,1
11,24
18,44
0,43
20,13
5,0
0,21
4,19
10,30
1,27
0,5
19,45
0,28
0,2
0,33
0,31
0,3
0,26
15,21
8,5
4,33
0,13
0,25
11,28
14,31
18,22
24,12
10,3
1,6
5,45
8,0
0,20
0,22
8,41
25,18
2,4
0,6
10,40
20,15
25,39
14,14
15,45
25,21
25,8
15,12
20,27
0,22
19,13
11,24
7,43
7,1
11,3
0,5
7,3
1,1
5,40
21,16
0,12
14,42
23,1
17,12
0,14
11,0
5,40
5,45
9,0
2,44
8,32
14,44
4,32
0,11
19,32
7,30
20,4
9,9
8,39
14,5
0,0
5,11
11,28
0,7
26,8
13,31
0,8
6,11
17,4
25,39
8,35
2,3
17,0
1,35
0,18
19,15
21,10
20,24
0,10
4,0
23,22
17,6
0,36
0,47
7,11
2,28
10,45
25,0
5,23
0,23
20,11
15,13
11,7
15,10
22,45
0,12
6,16
5,18
15,43
10,19
0,0
0,8
21,19
4,23
6,47
13,36
26,2
15,21
17,34
19,39
0,12
7,24
19,35
6,7
13,6
20,43
0,36
23,8
0,43
19,25
21,32
19,3
20,12
0,8
20,13
19,32
19,8
13,41
5,25
0,10
14,41
11,45
0,17
1,21
19,0
0,15
14,22
8,27
0,47
4,3
25,43
13,35
0,47
3,6
7,41
19,44
10,33
0,0
4,0
0,32
15,23
0,3
11,36
0,0
4,0
3,6
10,17
21,16
14,12
13,46
26,10
0,25
0,12
13,13
7,24
14,34
10,13
0,24
21,29
3,21
3,17
11,18
5,11
22,30
0,46
11,31
6,4
4,0
25,12
3,31
15,39
10,31
4,15
2,8
15,25
3,24
19,0
9,32
8,40
17,10
13,38
21,47
17,0
14,40
17,9
19,38
25,7
17,23
11,32
20,31
0,32
0,41
25,10
16,0
11,15
26,4
4,25
1,37
25,31
13,9
4,2
26,28
1,31
2,2
1,39
24,42
25,16
26,5
0,11
5,0
2,24
17,12
19,27
8,31
11,33
15,18
6,14
0,23
19,5
3,19
8,0
11,0
25,46
13,36
1,12
23,25
15,0
15,41
0,20
8,23
0,42
3,29
5,9
10,14
11,5
12,13
26,45
17,40
4,38
25,7
21,17
2,40
21,24
26,25
10,11
0,16
21,8
0,11
6,45
7,30
21,43
26,37
0,1
12,10
0,21
20,8
2,0
10,37
4,41
15,9
21,11
25,11
4,34
0,20
10,46
7,2
26,40
0,11
0,33
24,40
2,11
14,47
26,16
25,40
17,0
0,3
8,5
15,46
26,3
25,16
5,12
8,8
5,34
15,2
0,1
8,7
14,42
18,25
0,41
11,37
0,11
17,30
9,22
18,27
7,33
16,0
5,41
0,9
0,28
11,40
8,36
26,2
14,1
7,37
25,41
12,40
10,27
3,47
0,19
22,41
26,23
24,35
19,44
25,41
9,24
13,4
3,41
10,3
13,38
13,44
2,9
0,34
21,1
14,20
8,18
13,33
1,30
13,15
26,0
17,30
5,43
3,12
26,31
20,35
11,24
10,0
7,4
0,9
8,37
16,19
3,9
0,37
14,21
21,29
14,23
5,0
4,24
25,40
26,8
3,0
1,37
24,6
16,30
7,19
0,41
15,11
20,21
23,12
0,46
8,25
25,6
0,0
0,3
2,12
18,22
0,30
0,3
19,23
17,4
0,39
6,0
7,34
26,29
16,45
26,9
26,11
23,40
26,0
0,8
7,27
10,27
0,35
0,47
19,16
4,0
20,44
8,0
10,42
14,27
8,45
0,0
8,6
14,43
7,14
0,12
0,17
5,24
15,9
3,0
20,22
26,28
0,39
0,11
1,18
0,41
23,11
20,6
25,34
8,0
26,21
22,47
0,19
14,25
26,0
16,12
0,26
4,23
6,16
15,13
4,1
19,1
0,1
4,43
0,43
17,28
26,25
26,0
9,0
16,18
5,8
11,0
10,9
19,32
14,39
5,31
0,19
12,0
0,43
14,44
0,43
1,46
5,27
5,38
0,12
10,28
7,33
0,39
10,12
13,0
16,1
20,21
26,34
16,43
25,0
8,19
13,31
20,0
20,27
0,5
0,0
21,13
0,35
8,14
21,0
0,47
17,2
7,21
6,5
25,26
8,43
21,37
19,0
11,18
4,30
1,9
26,5
17,24
19,47
7,43
19,36
4,13
3,4
5,24
9,7
11,6
4,31
1,34
0,0
25,13
5,19
12,16
0,28
26,11
0,33
6,8
21,32
0,34
26,19
4,0
20,4
0,10
0,4
26,27
0,3
18,11
1,7
20,27
15,8
0,37
8,12
5,0
4,28
20,4
25,0
0,0
8,9
11,0
1,12
0,27
0,23
15,43
7,14
8,11
26,11
4,15
4,4
26,32
13,30
14,9
15,0
11,10
16,11
10,28
2,38
0,34
4,44
26,46
19,44
17,3
0,43
20,8
0,11
11,44
5,0
8,6
0,11
15,0
17,9
23,41
17,43
1,2
4,8
19,41
22,0
11,0
0,0
11,27
8,0
4,29
13,0
2,43
5,24
23,36
5,30
13,0
17,43
20,23
11,40
7,21
5,8
0,30
26,18
15,32
1,24
4,27
22,40
0,31
11,41
15,40
2,9
10,8
0,41
25,44
21,27
26,12
12,10
20,46
0,33
15,0
26,30
19,11
8,11
23,18
17,0
8,32
18,47
26,10
5,31
11,5
4,30
7,42
12,30
0,31
0,5
0,30
21,12
17,2
10,24
8,0
16,40
25,23
0,5
6,9
20,7
19,10
10,0
0,16
25,3
7,36
0,37
4,35
5,11
26,4
0,27
0,32
25,11
14,9
4,0
0,0
13,0
25,11
0,1
8,30
2,46
14,45
26,8
26,6
0,44
4,9
19,47
11,27
7,42
0,0
17,31
26,29
16,12
15,36
25,18
5,36
26,3
16,16
0,47
1,0
0,34
21,29
0,46
21,47
19,0
17,5
19,20
7,41
26,32
21,9
0,25
21,23
10,19
26,10
0,41
2,6
10,37
7,44
13,39
5,0
21,28
5,26
0,44
14,27
20,0
20,0
0,0
26,5
1,24
19,5
2,18
6,0
13,44
20,25
0,23
0,34
8,46
23,30
0,35
8,7
0,45
0,11
1,41
10,26
8,32
26,14
0,33
0,35
4,47
26,7
14,47
0,43
2,20
7,26
0,39
15,20
0,2
14,44
9,45
2,12
0,14
14,20
0,11
0,19
17,34
8,40
4,4
0,11
0,47
5,10
5,11
13,11
17,25
0,29
11,2
13,2
26,9
17,34
1,21
8,0
13,4
0,27
21,17
17,0
8,15
1,27
2,6
4,11
0,11
0,44
21,5
17,11
23,27
3,23
19,26
10,0
17,36
0,24
23,11
26,36
21,39
5,39
16,25
19,45
0,2
21,0
21,14
0,0
1,40
14,11
8,25
0,2
16,2
0,14
15,10
15,0
5,43
25,43
17,20
17,10
11,32
20,0
25,46
8,28
14,4
4,11
13,13
20,0
20,6
0,8
13,27
4,11
26,4
20,10
4,4
5,13
0,8
11,44
25,18
7,36
20,8
0,22
10,21
10,3
11,34
4,0
0,12
26,3
13,46
19,31
0,6
4,0
0,10
20,0
12,31
0,47
26,41
22,20
0,8
7,45
0,3
25,23
2,26
0,14
14,9
25,23
15,41
25,30
0,32
0,15
26,30
4,43
21,43
10,26
0,11
0,15
20,17
2,47
9,0
4,8
25,37
16,15
4,37
7,14
21,13
2,41
5,12
26,47
14,19
20,44
0,23
11,10
13,33
10,9
11,37
21,24
0,0
15,27
13,7
0,44
10,36
5,11
0,15
2,9
11,10
21,43
14,32
10,8
20,25
8,0
10,0
9,40
8,7
17,11
14,31
0,36
4,22
25,35
26,35
14,13
8,7
0,32
16,23
11,16
25,15
2,33
0,29
0,34
19,9
0,47
8,2
26,34
12,11
26,47
0,3
14,11
5,3
21,27
0,45
13,33
10,19
21,4
0,36
9,20
5,44
25,6
3,0
6,47
13,14
14,1
19,37
0,45
13,45
1,26
1,31
10,27
20,15
8,4
14,30
0,32
26,13
26,41
15,1
26,24
17,5
8,42
13,21
8,34
10,5
15,28
0,31
0,44
20,36
16,6
7,43
0,0
6,6
25,12
0,15
0,25
0,38
23,3
20,10
7,10
19,8
15,7
0,34
25,28
0,43
7,30
0,47
5,41
7,43
5,10
0,9
13,16
1,34
24,30
7,44
6,9
13,15
0,18
25,14
17,14
21,15
0,19
17,21
21,47
26,11
7,39
17,4
21,27
26,5
2,9
8,33
14,18
7,17
21,25
20,28
7,9
14,36
0,6
5,7
0,16
7,10
24,35
17,33
1,42
10,39
26,34
3,19
5,35
0,6
23,15
0,28
26,1
0,19
19,44
1,5
22,10
0,11
0,25
26,14
21,0
13,39
14,40
0,27
0,1
21,35
0,22
5,24
20,5
26,33
0,18
0,23
0,9
13,4
11,0
0,14
8,32
4,47
21,14
6,5
19,27
6,13
7,17
23,37
0,10
26,6
26,2
21,18
20,0
1,10
0,8
5,17
0,24
7,11
17,21
15,11
19,34
11,17
18,14
23,24
8,0
0,42
4,7
6,0
4,23
0,24
4,7
0,12
7,8
26,33
0,28
11,0
0,13
21,41
5,22
3,18
17,11
10,8
15,3
2,32
25,0
0,31
17,1
0,3
15,16
8,11
10,6
23,33
14,41
21,5
13,8
13,32
16,33
11,23
5,18
0,13
14,3
13,2
26,16
17,0
8,33
15,15
1,41
15,41
26,5
0,34
4,0
14,24
6,25
0,0
0,42
0,39
0,10
19,30
19,0
14,6
0,44
16,38
23,41
26,11
26,11
13,11
5,10
8,39
26,0
0,40
0,29
0,39
0,30
16,43
8,39
2,10
23,2
14,9
13,10
1,47
1,41
0,0
0,0
0,44
10,37
2,31
0,4
10,0
0,45
0,8
7,36
11,8
0,3
2,4
8,9
0,41
23,4
5,20
0,30
0,15
19,0
10,0
0,9
16,11
5,28
0,27
11,10
0,28
20,25
5,16
15,14
2,8
0,22
1,19
25,35
20,47
13,1
19,14
10,0
14,39
0,25
26,2
8,6
17,12
2,0
7,37
0,6
22,32
1,0
8,11
19,19
0,36
4,26
5,10
0,8
0,42
16,0
8,24
16,18
25,14
0,43
0,36
0,11
0,11
26,16
16,1
19,13
2,31
22,28
8,8
19,21
0,44
12,6
6,14
2,34
16,21
15,13
19,23
6,11
8,11
0,8
19,41
4,37
0,18
11,34
26,30
5,1
13,21
5,43
16,38
14,41
15,0
21,16
0,36
0,33
0,44
20,0
0,15
15,46
11,2
7,38
3,47
1,0
4,13
10,44
13,16
5,47
25,6
21,20
21,1
0,40
5,26
17,9
21,4
17,36
19,24
16,15
26,0
7,6
15,4
8,33
0,23
14,0
26,11
0,14
10,0
15,4
0,39
21,29
8,18
2,21
7,42
0,41
0,8
26,35
0,33
0,14
9,45
21,9
8,38
5,3
21,30
8,10
15,39
19,13
0,28
2,31
16,15
17,16
13,40
0,40
13,33
10,0
0,5
11,3
6,24
0,36
0,26
6,22
11,36
0,0
4,44
0,28
10,39
14,18
26,4
0,36
0,37
10,11
26,21
26,7
4,32
14,8
20,6
3,47
25,14
13,35
8,45
21,11
8,5
0,9
9,28
0,18
8,31
0,21
2,0
23,15
19,17
10,45
10,20
13,15
21,3
0,1
7,5
5,43
4,0
5,27
16,4
3,36
0,44
8,14
20,33
0,11
7,23
20,45
0,13
4,13
5,1
20,31
1,2
5,11
15,11
7,13
4,6
14,18
17,45
15,11
17,24
7,9
16,26
19,36
0,31
23,39
6,23
6,0
14,0
11,45
16,14
0,0
15,5
0,30
25,3
26,0
0,14
0,46
20,20
13,35
26,33
24,14
0,14
5,45
5,0
23,0
7,28
14,35
5,3
1,35
14,14
4,28
8,0
1,37
14,30
13,35
20,17
23,3
26,22
14,3
21,18
0,11
26,19
9,7
0,10
2,15
0,11
25,40
1,1
25,10
8,4
5,15
2,7
0,19
15,39
7,0
21,38
24,40
13,27
4,0
26,14
24,40
5,11
20,11
14,24
4,41
5,8
11,25
4,29
25,33
6,18
15,30
3,20
0,6
4,11
10,13
25,15
0,3
4,36
10,23
8,11
25,44
0,47
23,0
16,32
19,26
21,15
0,23
18,36
0,25
2,10
13,28
21,0
10,25
10,28
0,24
0,36
14,21
21,12
7,29
25,31
20,40
15,27
0,5
12,23
13,40
25,7
0,43
0,19
8,11
21,23
26,42
26,29
26,24
25,28
0,3
5,19
0,1
1,31
20,4
21,0
17,8
5,7
18,31
25,17
15,0
8,13
26,38
19,10
15,0
8,34
26,29
0,43
4,2
7,43
7,37
11,4
8,36
17,39
13,15
22,4
20,36
25,1
14,6
26,12
23,0
22,28
12,7
14,14
16,15
4,17
0,1
13,4
0,30
26,44
15,2
14,21
14,28
0,13
25,19
17,14
0,17
0,30
25,28
21,0
8,24
7,9
0,31
4,42
15,14
21,46
26,18
8,0
0,0
8,26
0,29
0,11
14,42
0,5
5,44
20,18
17,16
21,43
0,18
15,20
4,36
10,30
5,10
0,5
17,31
13,47
19,23
14,38
12,24
14,40
0,30
23,12
20,11
10,31
0,25
0,35
0,0
25,37
17,14
26,6
5,0
14,41
5,11
19,36
10,47
5,25
0,45
21,42
25,15
15,17
4,37
16,0
15,10
5,6
15,13
19,40
0,31
3,9
7,16
11,6
13,35
14,0
25,36
20,23
0,11
15,43
0,12
4,11
26,8
20,6
4,13
18,44
0,40
20,31
0,5
7,45
0,15
9,30
0,3
1,13
18,18
19,0
14,0
13,39
23,41
23,41
4,11
4,3
14,5
13,0
17,4
25,0
25,3
19,36
0,29
7,27
2,13
6,11
5,41
20,18
7,15
23,6
5,1
5,45
9,14
8,18
15,28
1,34
10,0
25,30
0,14
5,39
11,11
22,8
0,1
0,9
25,33
13,7
13,39
11,28
7,7
0,15
22,47
13,34
0,0
19,39
3,27
25,30
0,42
26,19
2,18
0,40
6,13
0,4
0,33
0,47
3,17
5,24
5,25
7,3
0,27
15,21
20,21
0,35
25,36
11,46
18,40
16,0
19,0
7,31
20,13
6,0
8,15
3,12
5,8
20,0
20,5
1,12
3,37
0,38
4,12
25,28
0,1
23,18
13,37
23,42
8,2
14,0
0,8
10,41
0,4
0,32
11,36
21,19
0,44
1,45
7,20
0,0
10,7
25,5
0,14
21,22
19,14
5,28
4,12
0,13
14,17
7,2
20,19
11,9
0,8
14,39
0,20
8,14
19,25
23,4
15,0
26,2
10,40
2,24
21,26
2,24
20,8
20,7
0,39
2,13
21,11
15,8
10,45
2,33
0,1
4,47
0,28
2,39
26,41
0,1
12,14
19,39
8,19
20,0
11,23
4,1
2,5
24,25
17,28
0,44
4,11
26,4
21,15
21,39
3,25
15,31
16,26
19,13
24,10
11,14
19,1
20,14
0,15
4,43
4,32
17,32
0,15
6,39
11,32
7,47
18,37
13,39
5,35
26,0
0,2
8,23
13,40
0,20
8,28
2,11
19,8
7,41
22,24
25,12
23,6
0,15
18,45
4,17
26,35
0,18
15,8
8,46
13,2
1,0
25,6
17,4
5,20
7,10
20,0
5,1
0,14
15,11
0,45
6,11
7,4
7,39
8,30
0,43
10,7
21,4
0,25
0,38
25,8
11,29
24,38
11,44
18,13
13,21
0,28
21,19
16,27
3,40
8,11
8,47
26,47
14,18
23,10
8,6
0,44
11,0
25,24
13,46
21,11
4,36
25,4
23,0
0,43
0,28
14,11
7,11
19,7
13,29
5,35
15,4
3,9
5,18
11,14
21,40
0,17
0,0
15,42
12,0
17,4
21,1
5,45
2,45
20,7
0,34
12,16
7,0
5,17
22,18
14,33
0,45
4,0
19,47
19,43
15,33
10,11
5,40
13,35
19,46
25,0
21,0
25,1
2,39
20,3
26,24
0,20
3,0
10,5
17,0
8,7
4,43
23,25
3,3
18,44
0,35
6,31
21,38
18,24
8,25
21,0
19,12
2,40
9,0
0,0
0,24
7,7
26,19
12,2
24,25
19,7
12,26
0,39
19,40
21,32
8,4
12,24
21,14
0,19
0,33
19,1
25,9
0,0
0,39
10,19
17,16
26,27
11,3
17,12
17,22
10,33
7,37
4,0
15,0
15,21
19,43
2,43
26,5
21,40
19,0
19,38
11,16
0,8
16,19
3,39
0,42
7,45
13,38
21,13
0,2
11,12
22,2
0,0
14,12
0,30
16,18
0,0
20,26
25,31
1,2
20,31
25,25
8,1
13,15
19,9
22,24
25,24
26,4
8,24
17,2
8,11
5,1
20,0
8,25
0,12
6,14
6,46
0,0
3,14
11,39
12,41
19,30
9,5
9,5
0,33
22,14
2,37
10,6
15,19
0,6
6,11
4,38
14,35
0,47
7,15
18,16
26,1
24,16
1,4
25,10
0,45
8,41
0,40
14,29
7,0
11,4
1,33
17,10
25,11
5,9
0,29
5,47
14,41
5,5
0,25
11,19
11,32
1,7
0,24
17,36
26,24
0,13
4,34
17,5
0,0
16,26
17,0
13,44
5,9
0,5
3,32
17,14
25,32
10,11
4,13
8,0
17,7
13,37
0,24
5,19
17,0
17,29
19,29
26,34
14,0
14,13
14,45
14,16
4,0
25,8
0,1
7,11
5,47
20,11
4,0
10,4
10,21
0,40
13,31
11,27
23,18
0,0
25,37
13,16
1,23
26,5
1,11
0,36
0,13
1,24
13,43
25,24
25,39
22,31
17,42
15,26
26,31
16,4
15,9
0,11
8,10
2,7
4,4
13,42
10,40
6,30
0,1
0,9
0,8
23,6
23,0
5,30
20,43
6,0
4,39
18,16
26,6
0,2
6,33
21,31
19,47
6,16
0,19
19,39
26,24
10,45
25,2
0,0
0,15
0,0
0,47
0,27
7,32
7,11
19,0
8,32
21,16
14,35
11,0
5,14
8,21
13,2
10,38
20,34
0,19
8,7
21,14
26,17
16,15
15,10
8,29
5,17
25,20
0,34
14,9
5,37
0,11
22,33
0,0
0,0
15,45
15,33
26,15
5,7
26,42
7,41
2,15
13,0
0,22
4,41
9,25
3,0
8,40
0,39
10,11
21,40
1,25
11,6
15,0
0,14
7,8
0,39
5,11
21,31
0,47
9,3
23,32
13,15
14,2
4,16
1,41
4,12
0,40
9,44
11,0
19,19
0,40
21,7
19,5
26,47
11,0
20,46
26,9
6,8
15,37
8,18
10,37
8,0
0,23
24,6
21,32
16,11
6,2
26,5
21,0
23,0
2,0
1,15
21,21
14,0
16,1
10,38
25,15
13,14
1,21
0,10
0,44
23,0
8,29
13,4
13,0
0,37
5,18
1,16
5,12
22,40
21,30
14,32
20,47
19,6
23,24
6,0
4,44
1,0
25,10
13,19
8,34
4,8
17,32
0,11
21,16
11,30
3,14
7,34
10,36
10,36
8,25
15,45
25,31
21,19
21,0
0,30
0,9
19,0
14,3
13,0
16,14
0,3
18,25
18,27
16,9
26,6
13,39
17,8
7,0
6,17
5,1
5,35
17,32
23,3
2,36
14,19
10,12
8,15
2,13
15,21
3,31
16,21
1,7
23,34
8,0
19,7
10,39
25,14
1,16
26,29
17,14
11,30
3,3
13,8
25,37
0,11
26,47
19,15
21,23
23,23
25,40
15,13
4,30
15,45
0,18
14,0
15,17
8,34
26,3
5,39
1,35
0,0
5,45
0,42
22,40
0,0
7,31
26,43
19,22
25,23
19,37
25,20
26,29
25,0
11,19
21,30
26,16
26,14
5,47
4,18
7,10
0,42
10,0
11,16
7,34
15,36
0,45
14,41
26,44
14,21
18,27
0,7
25,0
18,17
0,21
21,39
14,4
5,47
13,0
23,11
26,9
8,21
14,45
0,16
7,10
21,13
7,10
18,11
23,24
11,23
26,41
6,0
11,47
10,33
21,8
20,46
0,44
26,11
11,8
4,32
8,8
26,30
16,43
1,12
5,40
8,20
0,0
16,25
7,11
26,42
14,24
22,44
5,0
1,11
20,16
0,39
0,0
4,36
0,7
14,45
0,34
8,12
3,41
0,41
4,10
0,25
8,36
26,0
21,45
21,9
0,12
15,0
20,37
0,47
26,34
3,5
10,33
19,15
20,24
0,0
0,25
8,11
14,31
8,18
0,27
7,33
25,0
15,11
0,44
10,35
20,33
21,27
0,30
5,23
16,19
1,19
1,12
20,16
17,1
11,8
4,11
3,21
14,28
26,5
0,35
26,2
6,13
26,39
5,0
0,1
23,32
2,17
0,0
15,9
8,13
26,6
14,1
0,6
19,41
26,9
11,24
3,7
0,8
0,0
0,11
25,0
7,10
13,31
0,23
21,7
11,4
10,28
7,12
5,46
26,24
0,35
5,37
2,7
16,34
0,33
3,5
23,19
1,6
9,46
19,7
14,22
0,31
13,44
26,0
26,2
0,19
26,0
12,15
8,2
11,5
17,0
21,42
0,11
0,5
0,19
11,32
8,11
8,11
10,35
21,40
0,18
7,0
26,28
13,47
19,33
6,39
5,0
0,2
20,16
0,21
5,34
26,0
21,7
2,8
0,28
0,23
6,41
17,43
6,30
0,41
22,22
0,13
5,34
10,0
0,34
21,30
3,32
5,9
0,11
0,36
17,20
16,20
0,35
15,14
10,1
2,43
17,31
24,27
3,20
7,0
19,1
0,37
8,44
21,11
15,28
0,34
3,37
21,13
26,6
26,24
0,14
7,1
3,13
26,31
5,36
4,30
4,40
10,11
13,38
20,14
8,12
2,9
0,32
20,14
26,5
21,45
17,7
24,45
11,28
14,13
18,23
20,41
21,24
25,21
1,26
18,37
8,30
6,0
19,34
0,11
26,14
0,27
0,45
11,26
1,37
10,4
15,36
12,14
3,6
8,29
10,43
16,27
1,9
20,33
11,25
0,24
8,9
14,39
10,11
21,17
26,11
8,3
0,2
8,4
2,4
0,0
18,8
0,27
0,2
15,12
26,43
0,9
21,47
5,16
14,1
11,5
9,24
17,27
18,37
13,35
11,40
10,0
2,0
0,8
17,35
26,22
0,23
26,33
8,9
3,38
20,27
16,34
0,10
4,28
21,21
1,45
12,5
22,30
0,0
20,13
4,37
15,0
0,24
5,36
0,45
11,12
3,37
20,38
13,12
7,3
5,25
3,40
23,46
0,25
26,42
8,0
20,47
13,30
5,3
26,13
19,37
20,36
15,11
8,25
13,19
6,0
13,12
2,4
19,16
0,36
0,41
0,14
2,23
0,33
4,5
2,16
11,16
7,25
4,0
10,40
15,23
8,10
25,25
25,30
8,0
0,11
1,35
4,1
14,8
10,40
0,18
4,0
5,3
0,3
21,35
19,0
11,2
16,14
16,46
13,28
0,0
0,8
5,12
0,0
17,0
0,5
22,0
0,11
22,40
4,35
1,28
26,10
0,40
1,13
0,7
15,37
23,45
0,11
10,17
5,0
15,32
22,4
0,30
0,33
5,37
14,2
4,19
17,10
7,23
12,13
0,44
23,14
0,0
17,21
26,23
17,21
10,9
21,23
7,43
17,11
0,30
5,15
8,0
20,42
20,36
8,11
0,15
14,2
6,11
10,32
8,0
7,28
4,2
16,31
11,11
21,42
0,19
0,31
0,27
15,7
1,21
26,18
15,39
26,0
11,45
2,1
0,11
0,3
17,22
12,13
2,29
1,14
1,44
11,47
10,12
0,0
19,37
8,12
19,14
0,0
8,12
25,0
7,23
7,2
0,47
17,2
4,15
12,13
12,10
1,14
13,15
0,31
10,7
1,46
0,0
13,32
0,40
24,14
4,4
6,27
26,40
11,32
15,5
5,10
21,36
12,15
0,0
19,2
17,27
0,0
4,14
22,5
25,19
26,8
0,26
0,37
8,31
19,23
18,21
19,0
6,41
4,36
0,44
26,39
8,30
5,16
8,0
16,0
21,25
0,37
8,11
0,5
10,8
0,11
2,36
20,0
20,41
20,25
1,30
17,43
20,36
0,35
8,0
11,33
5,14
19,20
15,4
0,2
1,11
0,34
4,3
7,8
7,12
2,20
8,0
1,9
0,23
11,31
14,35
14,37
26,23
15,19
6,28
13,4
7,16
17,0
14,23
21,17
19,0
19,11
21,9
24,3
14,4
13,40
0,35
14,15
14,31
0,45
8,13
21,41
19,18
23,20
17,28
21,11
14,33
21,7
14,34
0,1
19,25
0,37
5,1
0,3
0,33
19,33
0,45
10,33
9,30
0,23
2,7
14,27
5,11
10,33
0,27
12,35
0,25
10,11
0,8
24,15
15,8
0,0
5,34
13,0
10,10
0,40
6,12
6,45
5,3
0,45
25,19
0,39
0,16
26,19
0,6
26,39
1,13
17,22
0,14
0,43
11,17
0,28
16,28
15,12
17,16
7,14
15,26
14,47
25,16
7,35
23,6
21,43
20,9
20,5
0,17
0,0
1,0
5,14
10,12
6,17
0,34
26,36
7,22
4,6
23,45
0,36
14,10
15,33
25,22
23,23
3,0
13,44
15,44
0,16
4,21
5,36
5,7
4,34
17,0
24,43
10,7
25,23
20,30
8,14
22,0
2,6
11,14
7,42
8,18
19,47
1,26
7,2
21,8
21,11
7,33
23,16
14,0
20,43
25,31
8,33
0,33
15,32
9,23
0,17
21,16
18,9
8,32
7,1
0,0
0,7
20,15
10,12
14,15
17,0
19,0
0,25
8,19
22,25
7,9
9,24
0,1
26,33
23,5
19,32
5,36
0,5
7,2
25,0
15,36
8,40
0,23
0,0
5,26
23,16
0,27
0,23
1,14
12,11
0,18
25,13
26,3
8,28
19,43
2,34
20,29
26,7
0,41
2,42
11,36
19,0
11,21
5,10
13,11
13,7
0,15
0,31
8,27
0,7
20,8
8,1
19,37
8,25
26,7
10,3
26,5
19,16
5,16
2,3
0,26
25,30
0,39
14,2
12,47
0,43
26,43
10,39
8,44
25,29
8,4
0,27
26,29
17,40
0,41
0,37
25,27
3,19
14,0
14,39
26,26
0,0
23,5
11,1
25,32
10,18
10,14
17,14
20,11
0,7
11,11
19,15
25,25
0,24
11,14
11,41
24,3
19,10
19,0
0,0
11,0
10,23
14,3
0,10
0,0
0,34
20,38
26,39
23,17
4,14
0,37
2,16
16,44
11,3
15,35
0,44
15,45
3,4
8,33
0,0
26,43
12,25
2,25
19,25
0,11
0,0
11,14
14,0
15,23
24,0
15,11
12,4
0,27
10,0
11,40
1,14
15,11
14,36
2,14
6,36
26,0
25,0
0,11
3,23
16,27
0,2
5,25
0,16
13,0
26,28
8,44
21,33
25,22
8,9
8,8
19,27
18,31
25,39
25,36
14,47
8,34
0,41
0,40
0,14
3,47
0,31
7,47
0,8
2,4
0,15
5,21
4,18
19,39
17,4
11,38
13,24
26,23
19,45
0,6
17,7
4,16
7,43
0,0
10,11
20,7
2,18
4,26
11,12
0,44
16,13
0,25
6,12
26,9
15,30
14,8
0,24
0,10
19,0
5,5
0,27
8,18
0,13
0,11
5,14
19,41
0,0
6,33
0,14
14,44
0,24
26,0
1,41
20,24
5,35
0,0
21,11
21,27
25,34
26,11
1,8
0,46
5,21
16,23
3,25
17,4
25,10
17,16
8,44
0,0
8,32
15,0
0,27
14,42
19,41
5,22
8,8
2,41
14,34
14,5
25,7
7,23
6,35
14,47
2,24
2,18
24,8
12,19
13,0
0,0
0,7
10,12
23,36
24,30
11,6
13,20
14,9
10,46
15,12
20,1
8,17
10,7
8,40
21,10
20,12
25,36
18,32
8,0
0,35
25,37
0,38
23,11
0,7
8,18
2,11
25,33
0,24
1,9
0,36
21,21
19,24
19,33
4,27
2,13
10,1
24,5
10,9
17,20
2,14
5,5
10,45
8,31
0,5
5,27
26,16
10,6
16,5
25,16
8,11
10,0
1,28
3,0
19,46
10,33
4,4
26,25
14,44
19,25
17,31
13,37
13,19
0,24
20,0
25,46
26,39
15,11
10,7
24,24
9,24
9,11
2,45
0,1
10,43
24,11
15,0
17,2
8,11
25,32
15,0
20,12
0,40
18,14
13,38
8,14
17,26
5,27
13,37
21,0
0,42
8,36
8,0
21,19
14,44
1,0
1,32
0,21
0,21
17,36
10,7
0,0
1,25
0,35
0,9
11,41
1,7
4,8
8,37
0,32
8,9
26,2
8,0
26,36
20,13
10,1
0,13
0,35
15,26
26,14
5,16
21,43
8,0
11,3
26,8
25,11
14,26
22,37
8,41
22,10
7,22
19,2
25,32
8,47
1,24
0,19
8,7
4,6
10,32
26,37
12,16
1,5
2,1
8,34
6,3
0,0
25,14
8,7
24,10
10,37
23,13
14,24
20,27
16,6
14,39
7,7
25,11
2,19
0,30
8,5
4,12
21,0
13,0
26,11
16,30
11,25
2,1
1,2
2,11
23,24
8,17
15,30
8,18
0,30
19,0
1,1
26,9
11,23
0,14
0,3
1,8
11,32
10,23
1,30
14,0
0,37
14,11
0,16
0,27
6,11
10,34
4,30
0,4
25,12
25,18
0,26
5,10
16,39
11,23
13,18
15,44
3,39
8,37
19,3
0,44
14,12
15,12
2,40
0,11
18,0
15,32
1,13
15,31
8,18
23,30
19,39
5,14
19,44
21,24
22,32
16,19
16,14
5,24
0,42
20,35
8,11
0,8
2,13
4,23
14,0
0,31
0,5
7,10
0,30
25,33
1,3
7,1
3,19
0,45
20,11
26,0
5,45
10,3
26,46
0,8
17,4
21,3
13,39
15,17
25,46
25,26
0,6
6,28
0,2
21,0
2,0
20,15
17,44
19,28
7,7
0,2
25,30
8,35
7,1
10,15
20,11
20,39
10,2
5,6
0,32
25,29
5,35
20,34
17,0
10,33
15,2
11,20
13,31
4,9
8,15
26,42
11,13
13,22
0,0
11,19
2,45
0,29
7,12
0,0
19,21
1,14
5,24
5,8
9,25
0,31
4,19
0,42
1,23
11,0
0,29
0,11
20,2
9,11
20,19
12,27
25,14
11,39
0,4
0,16
7,40
3,31
10,14
0,13
0,18
17,34
11,35
15,41
20,14
22,19
9,9
14,5
25,6
19,0
4,38
8,33
7,14
23,34
4,8
1,17
0,35
19,0
20,43
25,13
2,42
20,38
0,28
14,8
13,15
5,44
19,22
7,24
18,26
2,14
8,34
25,31
10,9
5,37
0,39
1,45
5,7
0,37
23,11
7,0
8,47
10,14
17,30
16,39
3,38
0,21
12,11
7,7
3,19
0,11
8,45
5,34
13,30
0,23
0,35
7,0
17,1
0,2
20,8
0,10
1,37
0,35
1,44
17,32
26,34
0,45
2,16
17,22
10,11
7,11
26,2
0,34
1,45
7,40
3,42
0,9
17,12
0,24
16,2
4,21
0,44
17,28
8,31
4,34
17,24
15,12
2,11
11,15
0,41
1,22
0,2
8,0
22,41
10,28
8,34
0,21
14,2
14,10
0,0
14,33
3,25
0,44
24,10
0,0
10,25
0,7
0,8
14,1
13,41
13,5
3,21
21,4
13,0
24,38
14,38
20,3
15,36
26,20
12,36
26,43
15,25
23,31
1,10
19,12
8,26
9,33
21,15
0,21
0,44
26,6
8,42
0,27
16,18
0,14
16,35
8,14
18,8
4,0
10,33
20,11
0,43
13,11
10,24
14,2
18,40
14,11
10,32
0,33
8,45
0,14
15,1
17,13
16,6
25,16
26,1
5,35
0,25
17,9
20,42
10,9
19,13
1,11
11,47
0,28
0,39
4,21
14,14
8,11
25,11
15,41
2,3
0,43
12,35
11,27
14,13
20,27
4,36
0,15
11,0
6,5
14,14
10,11
18,2
0,7
1,22
21,0
18,43
20,7
26,32
7,8
16,29
1,23
10,12
14,3
13,35
6,24
13,37
23,33
17,0
19,29
15,27
5,29
0,14
1,18
0,10
0,22
5,0
0,0
6,3
0,1
23,36
14,10
16,13
7,46
3,27
19,27
25,31
1,9
4,11
17,19
0,0
2,0
5,44
19,0
21,33
15,7
0,28
0,0
4,24
0,37
0,39
21,39
10,42
8,18
11,41
4,47
2,33
15,0
26,4
14,34
3,5
13,42
0,40
0,12
7,33
25,0
1,1
1,35
18,37
21,47
5,25
4,0
19,11
4,34
0,0
1,10
10,15
11,31
21,14
24,12
21,45
26,36
2,45
12,20
8,41
12,8
0,6
0,28
26,28
0,36
8,40
20,39
13,14
23,21
10,30
13,47
21,11
14,45
20,27
0,0
26,5
10,6
3,18
0,47
21,19
3,46
14,16
4,41
0,1
25,41
19,28
8,34
0,20
11,41
0,35
3,0
15,25
23,11
19,6
0,5
9,21
19,6
20,16
23,33
8,34
20,26
19,11
4,36
7,19
4,2
17,4
0,15
0,35
21,13
25,33
2,11
15,30
17,0
4,0
7,12
26,41
21,40
19,36
20,42
1,0
13,34
4,1
25,34
0,36
24,6
15,44
17,10
23,30
0,21
5,0
13,10
19,31
2,2
15,4
4,25
0,5
9,6
0,25
15,40
19,13
16,39
17,0
11,43
5,31
25,18
0,35
4,15
0,2
13,31
0,43
8,35
6,16
15,45
13,33
2,34
21,47
13,11
14,8
8,2
0,32
25,46
4,5
19,31
23,41
13,30
0,5
10,18
15,0
1,44
8,4
0,0
21,43
10,44
26,18
8,31
0,18
0,30
26,1
0,0
20,45
6,25
6,45
1,30
25,36
25,11
1,1
26,21
7,18
8,36
0,5
26,25
9,10
10,31
0,7
2,44
10,35
4,8
0,0
1,27
0,36
21,0
0,37
7,2
19,24
24,29
0,3
0,0
25,0
1,14
0,41
0,11
21,38
7,5
0,4
26,36
6,43
13,47
17,14
7,21
0,8
13,0
11,21
0,36
10,18
17,21
0,0
11,5
11,14
3,19
10,9
10,0
24,43
8,12
21,0
4,14
3,0
20,7
14,45
3,0
2,16
0,35
6,44
0,0
4,0
15,0
25,24
16,26
14,13
26,23
26,21
0,7
15,44
1,37
17,29
0,39
11,11
26,43
10,27
0,1
0,4
6,24
9,43
19,9
4,38
5,17
19,15
25,39
14,14
5,36
21,44
6,1
16,1
14,39
7,40
17,44
23,37
14,31
15,5
25,45
19,12
6,42
0,44
0,28
16,17
9,0
10,43
2,2
19,37
0,9
26,15
5,18
14,37
0,2
21,14
0,0
21,10
8,26
0,35
20,33
0,22
17,1
0,31
10,13
25,20
5,2
22,28
0,0
5,29
7,1
0,11
16,2
19,32
5,6
23,0
1,12
17,5
16,33
4,22
11,36
23,11
0,4
0,9
7,19
13,21
5,2
26,19
6,11
8,8
5,11
10,16
14,4
2,47
15,25
23,0
26,38
0,46
0,4
11,0
11,33
8,2
4,0
25,23
20,5
11,3
13,12
20,28
8,7
19,3
17,33
3,8
8,41
5,35
12,36
14,11
10,14
17,23
16,39
17,11
25,43
17,44
7,27
21,36
5,43
23,37
15,7
20,30
4,39
7,23
25,43
3,1
8,9
23,35
15,27
0,9
0,9
4,1
7,45
21,1
8,41
4,45
19,23
10,27
0,22
15,39
0,30
13,15
19,2
13,23
8,47
0,39
17,0
7,45
10,5
5,28
15,18
26,15
11,25
5,10
10,12
15,11
0,33
25,36
0,45
26,33
25,37
11,0
25,14
8,43
25,11
6,43
18,3
19,34
11,27
26,0
0,11
16,13
17,21
0,25
24,11
16,26
1,0
11,0
21,35
0,41
0,25
6,24
13,36
0,43
0,11
25,10
11,23
10,12
21,13
19,30
3,31
17,19
11,10
13,31
0,6
0,41
17,47
0,42
26,32
10,39
0,13
0,27
11,0
15,0
10,29
25,0
7,43
11,35
14,20
0,13
26,0
13,43
8,15
3,12
9,42
10,12
3,35
0,27
11,15
17,24
22,13
13,11
0,44
0,24
10,32
8,0
15,16
19,25
7,0
19,17
20,37
19,0
10,28
25,16
26,35
25,7
7,17
25,43
21,21
17,29
26,45
9,31
0,3
15,0
7,43
3,33
18,1
10,47
0,0
4,15
17,15
8,8
25,38
23,11
8,8
19,9
23,32
26,43
20,33
15,47
4,0
0,20
5,9
1,0
15,11
0,21
3,12
20,0
2,10
1,9
8,8
9,24
14,12
26,6
24,32
0,33
0,0
4,18
19,34
4,14
26,16
6,13
0,19
6,7
21,23
19,31
6,8
25,18
5,33
13,3
26,18
0,35
9,8
2,3
0,1
9,45
0,23
24,11
16,0
19,2
25,32
0,11
16,32
25,45
8,3
14,19
11,15
0,40
20,14
0,26
2,20
8,0
26,6
25,18
4,14
22,28
0,43
26,27
0,4
20,45
0,23
0,28
10,8
19,14
8,14
11,40
0,27
5,40
15,11
26,35
7,30
2,9
19,32
10,23
6,43
8,13
13,40
0,45
23,11
26,3
13,35
0,33
7,0
0,2
13,9
16,20
20,7
13,0
5,39
25,37
2,9
21,45
17,33
2,37
11,11
0,25
14,18
15,44
11,33
0,45
26,5
0,45
26,15
1,41
0,7
6,21
16,14
5,12
4,0
0,1
13,10
4,4
6,6
17,11
17,5
1,8
11,37
19,40
0,0
1,10
3,6
19,12
16,25
15,13
26,0
7,18
25,39
7,14
19,13
14,8
10,11
2,25
11,14
14,10
5,23
7,34
8,16
16,11
0,20
15,34
26,6
0,47
0,14
7,0
5,6
0,0
22,11
14,13
14,5
2,32
13,24
7,24
12,0
1,6
5,17
15,22
16,45
11,19
0,41
0,44
0,43
6,0
0,40
15,35
0,0
20,36
15,37
6,12
5,0
19,11
21,47
0,36
3,14
2,40
0,47
4,3
5,36
0,10
0,9
1,42
0,38
25,11
6,14
0,34
10,0
5,31
4,1
0,44
2,4
25,5
25,45
1,28
7,36
0,17
14,0
6,37
22,0
20,31
15,13
25,40
11,34
21,21
23,21
11,21
10,45
7,0
13,43
5,32
19,7
15,13
14,14
0,21
1,0
1,33
26,19
8,12
4,16
11,0
0,0
11,43
5,32
0,4
21,42
9,32
0,21
17,11
0,23
26,37
25,13
13,7
26,6
10,30
0,14
7,15
11,15
4,8
11,37
25,35
7,47
5,18
15,11
26,8
15,36
0,25
21,46
20,11
20,47
8,27
15,7
2,9
20,32
13,33
22,40
26,2
20,37
26,0
26,16
11,14
21,7
26,1
0,28
0,40
17,1
26,43
3,1
19,0
7,41
26,47
17,0
4,44
26,19
4,17
10,35
23,12
11,24
6,44
19,14
14,4
26,13
8,37
8,42
26,21
8,38
6,47
5,33
25,13
5,7
15,30
26,23
14,11
0,6
4,28
25,0
26,31
15,0
23,38
0,2
4,33
0,34
22,28
14,16
10,11
18,41
13,26
25,5
0,47
16,6
11,42
0,6
26,18
11,35
0,25
2,22
18,38
19,41
0,30
21,13
23,33
4,15
14,10
0,39
2,21
17,30
7,36
0,36
7,3
0,34
4,14
10,44
0,20
0,26
0,0
19,33
23,0
0,31
14,21
8,5
13,20
15,14
7,35
2,44
14,11
19,17
19,4
4,6
21,15
15,21
4,19
0,45
9,3
24,30
19,0
19,20
22,33
0,6
26,42
1,12
25,46
26,35
4,46
26,28
3,28
19,8
5,5
19,46
10,6
7,16
10,0
22,16
21,10
0,40
5,43
3,35
23,44
8,45
21,30
23,2
16,12
23,41
21,38
0,43
7,4
0,37
0,18
0,4
13,6
15,43
7,16
0,0
20,11
9,11
0,9
3,4
5,22
8,11
6,0
0,32
13,6
7,0
5,38
22,8
0,20
0,47
16,46
19,39
3,33
2,14
21,4
10,22
0,0
8,4
16,0
0,6
14,25
0,47
4,43
5,25
5,28
20,16
15,41
11,0
20,19
11,28
0,38
0,0
13,43
0,34
6,17
22,2
8,35
13,23
11,27
25,23
26,24
23,13
23,34
9,10
25,33
0,11
20,10
0,13
21,15
0,9
10,27
24,30
4,32
15,37
0,25
0,31
0,19
0,22
25,42
13,11
26,44
25,38
15,15
18,19
0,39
0,23
14,17
10,45
15,43
17,32
17,45
21,0
5,23
19,21
5,9
12,0
20,18
17,9
0,11
5,7
13,36
15,13
7,39
13,15
15,18
10,13
5,14
0,47
0,25
0,37
0,10
4,23
1,14
0,30
7,5
20,20
3,45
26,34
19,36
7,19
6,11
22,32
18,36
26,4
4,31
0,0
0,28
21,21
0,6
11,28
25,0
0,24
5,16
19,41
18,32
26,30
26,28
12,43
0,6
16,0
23,35
16,31
19,31
4,46
5,19
4,35
19,47
0,33
21,39
14,0
7,12
2,1
0,31
4,26
1,44
0,40
16,18
10,20
11,23
25,24
7,11
0,9
14,44
3,25
20,14
0,16
21,0
20,11
17,0
22,13
20,41
10,28
0,0
14,30
0,22
3,16
1,6
24,28
7,31
5,0
0,13
8,30
0,4
7,1
0,11
19,27
0,21
14,27
26,24
0,41
8,0
26,2
9,29
13,31
11,20
8,37
15,30
7,17
14,19
13,7
14,41
0,35
0,26
23,15
8,1
0,38
14,24
8,0
21,10
0,35
17,7
0,6
26,43
15,44
8,25
13,21
8,47
19,21
11,2
14,38
3,36
16,43
17,0
2,9
0,11
0,30
7,14
26,19
0,21
10,15
16,11
2,8
0,31
7,0
18,15
14,30
8,0
0,21
26,9
12,30
1,43
13,14
13,43
0,45
9,32
8,44
0,39
15,2
8,17
7,21
12,4
5,18
21,27
26,0
8,11
15,13
1,11
25,19
0,7
13,4
0,8
19,5
11,21
26,25
0,28
7,13
13,13
25,0
16,16
0,23
26,8
25,43
10,23
11,43
22,6
20,9
11,46
17,46
13,17
2,14
11,7
5,47
10,14
13,15
20,2
17,6
26,9
17,46
22,23
15,18
15,19
8,0
26,41
14,14
25,9
11,12
26,40
11,18
24,0
10,16
7,8
4,16
16,35
0,14
19,23
20,28
0,12
25,15
15,32
13,9
11,44
9,0
3,30
5,33
26,41
26,0
26,4
0,17
22,34
2,34
24,11
21,31
1,31
7,45
13,1
5,16
10,0
20,19
10,26
2,22
6,1
21,38
20,26
20,0
8,1
10,24
24,1
0,7
10,38
2,47
8,38
8,44
21,9
13,0
1,45
0,38
24,29
13,40
17,27
21,14
26,4
26,0
0,40
12,37
18,15
4,41
21,14
21,17
7,31
1,2
0,9
4,0
4,12
13,45
25,0
15,12
11,41
7,33
1,20
11,38
8,34
5,29
5,14
15,45
14,11
23,16
13,34
18,24
6,16
11,2
8,7
8,40
21,0
18,22
3,3
8,0
10,7
1,6
15,14
0,24
15,33
17,39
23,36
8,13
1,9
0,35
0,0
26,31
23,14
10,14
7,14
21,31
0,25
8,0
17,8
17,13
26,4
19,21
10,37
0,41
15,28
14,4
0,5
0,7
19,4
11,11
3,32
2,11
25,24
8,3
12,45
14,35
11,0
25,0
7,28
1,19
10,16
24,2
1,7
26,30
0,24
0,11
0,40
17,0
6,37
6,14
16,14
0,23
7,19
3,2
14,10
14,36
10,7
2,9
0,47
6,41
14,44
0,8
0,10
2,13
10,44
8,32
0,0
0,47
25,4
19,33
20,8
2,40
0,40
5,35
2,31
13,40
26,5
0,42
10,15
14,14
17,8
4,31
0,43
19,37
11,33
26,0
0,0
20,11
13,30
5,18
13,15
0,3
25,23
26,0
15,0
24,17
25,47
0,15
0,12
9,14
11,9
0,12
5,10
18,30
13,25
23,11
0,22
17,31
0,33
4,21
8,0
20,6
18,44
10,28
8,2
8,45
14,37
5,40
8,41
2,0
17,30
19,43
2,13
19,34
8,0
10,10
5,43
26,42
0,0
0,23
15,47
20,42
0,0
13,23
14,12
0,39
26,7
26,40
0,14
2,28
21,42
11,14
21,41
19,45
3,42
25,1
10,21
18,17
0,6
4,11
17,22
11,36
0,35
0,32
18,0
22,47
1,16
21,3
0,2
0,11
14,45
19,37
0,31
21,47
6,19
9,12
0,39
0,0
0,37
14,4
17,14
26,25
0,24
7,22
15,45
26,41
14,40
0,31
4,18
0,44
19,19
26,13
2,11
15,47
4,45
21,30
10,36
0,20
0,32
0,2
8,5
20,42
1,9
18,11
3,6
17,6
0,9
20,15
17,9
10,27
13,4
0,47
1,4
20,2
1,12
26,12
0,9
20,0
25,11
16,24
25,19
0,8
17,12
5,0
6,47
0,31
17,3
0,7
16,0
8,6
23,0
14,18
0,18
17,0
14,20
10,39
0,34
1,4
26,41
0,43
26,33
26,14
2,39
11,11
10,30
0,11
8,0
26,2
19,34
0,19
22,31
10,7
5,44
17,30
3,0
26,35
13,25
15,7
13,11
14,29
3,47
4,35
2,28
23,21
0,44
10,35
19,0
21,34
25,1
26,24
13,12
15,2
17,39
0,31
0,11
1,21
7,15
4,43
4,4
0,0
21,19
22,0
5,45
15,21
26,7
23,1
8,30
1,27
6,31
0,22
26,22
0,27
4,2
8,4
19,0
3,41
11,4
0,0
0,14
0,46
20,34
20,12
6,5
21,0
8,45
5,44
10,9
2,31
21,35
17,37
26,39
0,28
23,17
17,42
23,0
0,20
10,33
5,18
13,21
0,0
10,0
2,0
4,41
0,0
13,0
25,18
0,11
0,11
26,20
19,0
8,4
26,15
26,28
11,36
11,9
11,34
20,41
23,30
23,46
11,22
17,29
19,44
3,33
0,35
7,40
24,21
5,15
20,28
2,0
0,17
17,38
21,16
20,0
5,4
20,32
14,33
15,24
20,1
7,43
15,5
0,5
17,40
19,41
13,19
0,0
7,23
25,8
19,24
5,34
23,3
7,0
1,20
3,29
21,39
14,11
7,3
11,17
0,0
4,21
15,0
21,35
17,6
13,44
26,8
20,37
1,3
0,19
0,29
16,36
0,21
17,6
26,40
11,30
0,2
10,18
19,0
0,0
14,11
26,17
0,17
5,3
0,36
10,14
26,33
21,12
4,27
0,6
11,0
13,6
3,21
13,0
21,37
15,13
11,35
2,43
14,13
8,36
8,5
17,0
23,0
17,13
20,47
3,4
13,3
17,4
5,12
8,24
17,21
0,35
3,27
0,6
26,37
8,0
21,11
16,20
21,13
3,7
4,35
7,0
14,47
21,37
0,31
21,11
6,1
10,28
17,0
20,36
17,27
11,18
26,11
20,46
26,0
11,35
10,44
8,7
26,14
23,23
23,35
19,2
19,18
0,0
14,6
0,29
0,29
17,15
22,0
13,4
11,6
0,0
26,10
10,0
19,25
0,18
0,36
23,0
0,16
10,39
5,12
26,39
20,40
1,46
25,11
14,0
26,15
19,44
18,30
19,44
22,39
7,32
26,3
0,12
13,7
11,36
16,18
0,21
3,0
5,2
0,30
6,18
14,6
17,28
24,11
4,28
8,36
4,19
17,29
19,23
8,27
0,41
25,28
26,2
25,3
8,14
10,13
10,18
17,17
26,32
23,2
6,25
26,13
5,0
17,14
6,31
5,45
0,37
10,35
17,1
10,5
8,2
8,23
5,25
21,30
8,1
26,0
0,33
19,16
0,8
0,11
0,5
16,3
0,43
23,33
24,18
0,37
14,30
0,41
6,18
21,18
26,40
14,22
25,6
26,11
21,0
2,47
0,0
20,6
8,16
5,43
8,30
0,11
14,30
3,0
8,28
0,44
1,39
20,10
0,19
13,4
0,15
24,23
18,44
0,4
0,10
0,5
0,15
4,38
21,29
0,21
25,27
17,32
2,0
2,33
26,32
0,42
20,19
5,37
9,47
21,9
16,31
17,33
15,46
0,5
26,43
23,19
8,7
0,8
0,12
0,22
0,34
4,12
8,44
0,13
0,2
11,24
14,4
0,28
15,13
8,8
0,25
1,3
13,11
0,41
7,7
15,11
5,11
0,18
26,40
0,41
14,19
7,28
4,36
25,21
0,23
9,6
6,0
19,11
0,44
26,5
0,0
11,27
17,41
7,14
14,41
23,44
0,40
0,2
15,26
10,10
0,43
5,24
15,27
7,11
15,14
7,19
1,15
3,37
4,24
15,27
1,23
8,31
0,40
15,35
10,0
0,37
20,29
20,0
21,28
20,13
5,26
15,25
6,12
0,1
0,44
9,33
14,0
7,19
0,35
26,13
0,43
11,44
8,17
0,34
19,4
25,47
11,0
21,3
0,0
7,6
13,28
3,0
15,35
0,21
25,28
5,40
23,45
21,15
17,17
25,39
10,38
0,37
22,21
24,41
0,0
19,6
15,27
26,43
21,29
10,31
0,24
13,9
0,11
25,41
23,47
26,37
2,21
3,8
4,42
26,14
8,0
26,6
11,32
2,7
17,0
0,15
13,25
17,16
0,37
2,11
4,44
14,26
0,32
13,11
14,0
4,10
25,28
26,13
1,21
11,47
0,36
4,2
21,1
8,42
0,16
6,23
7,44
19,28
10,33
15,21
18,41
4,18
1,35
0,37
19,43
2,14
5,42
0,47
8,19
0,13
0,14
8,0
14,0
19,6
0,0
7,37
17,22
17,12
0,0
10,38
11,14
7,1
0,15
5,12
0,41
8,16
5,21
0,14
0,45
20,5
12,44
17,18
10,43
26,28
0,30
0,15
8,45
23,39
19,45
0,21
11,18
0,6
10,0
14,42
0,12
13,31
11,4
2,18
0,44
1,31
2,2
0,3
0,35
0,11
4,5
0,0
11,0
0,22
26,9
21,45
20,1
0,8
15,28
26,0
10,44
25,45
3,5
21,37
11,11
17,0
21,14
19,16
14,28
13,47
4,16
14,21
7,5
1,16
21,0
14,26
5,13
14,15
19,37
21,38
21,44
3,14
0,36
0,0
11,1
4,11
26,0
15,0
10,12
4,3
20,45
14,0
23,0
21,7
6,18
8,0
20,46
23,47
0,28
10,9
7,0
10,24
10,10
11,1
26,19
20,45
11,36
23,4
13,44
26,10
0,45
3,40
25,25
14,32
26,14
14,17
26,20
20,31
0,25
25,45
16,8
0,3
25,8
0,5
25,43
20,36
0,12
19,33
0,44
16,44
15,44
0,16
20,27
6,1
6,41
16,19
22,11
1,0
26,39
25,11
7,13
17,46
7,42
1,34
0,11
4,46
3,0
22,32
0,28
9,15
0,13
26,28
14,8
20,0
26,28
11,1
26,46
15,3
0,35
0,11
5,13
14,16
26,10
5,45
0,2
8,38
25,45
21,6
6,30
0,1
20,0
16,0
21,39
0,35
0,34
26,34
13,35
4,25
0,18
25,21
17,34
7,0
0,0
26,14
0,16
19,35
2,2
5,28
2,0
8,0
19,30
8,32
13,15
14,9
25,19
3,11
0,11
2,4
2,44
17,0
8,14
4,22
8,37
10,31
12,40
24,40
14,26
1,37
22,40
16,41
0,5
11,41
25,16
0,0
20,0
5,40
0,41
21,27
7,0
3,38
2,18
5,40
0,16
12,11
5,11
12,6
0,19
10,30
25,16
7,10
3,0
10,0
26,45
0,31
16,24
0,46
11,7
0,14
26,33
4,34
11,6
0,37
8,23
20,9
0,3
0,10
13,43
14,34
8,30
5,18
25,19
0,1
0,32
25,15
12,20
0,24
11,35
4,21
11,1
26,41
7,35
22,13
21,26
3,0
0,10
17,7
8,13
16,44
8,32
25,28
14,34
1,39
11,28
17,0
2,24
1,44
0,29
19,24
5,10
26,30
25,24
16,33
18,14
15,21
10,11
20,43
7,44
7,16
0,31
12,0
0,28
25,37
19,0
14,45
2,0
22,21
13,28
15,11
2,41
0,18
26,33
5,33
1,29
0,16
10,43
0,0
8,19
16,0
21,37
18,47
8,29
6,27
10,24
0,39
7,14
8,15
3,13
7,19
17,38
0,14
11,36
23,26
4,39
3,5
11,43
1,37
0,40
0,6
0,23
20,0
0,2
10,21
0,14
4,32
4,0
11,41
6,34
13,0
22,11
19,11
0,11
17,3
0,5
2,11
0,30
10,7
0,30
0,45
10,1
0,18
8,0
0,39
0,11
19,0
26,40
0,16
7,0
23,11
15,14
8,5
20,12
11,5
9,9
8,0
16,30
8,0
26,27
13,0
17,34
15,40
0,33
25,43
0,1
4,0
0,37
25,23
21,34
0,8
1,10
19,15
7,14
25,3
25,16
19,47
25,24
20,19
2,0
3,42
2,18
25,25
0,22
13,0
11,36
19,7
1,44
0,36
20,11
8,13
0,40
17,40
26,9
18,34
0,2
9,33
4,24
20,3
16,43
8,47
14,28
7,11
7,14
23,25
4,23
1,19
21,22
0,30
0,33
2,23
10,5
14,33
19,40
4,20
19,30
15,25
11,26
13,20
0,0
25,6
26,23
3,39
15,10
26,6
0,26
24,31
6,18
2,14
16,0
23,4
14,32
10,0
13,28
4,14
1,0
19,18
0,46
7,32
6,11
20,33
20,40
7,40
21,37
13,13
0,16
13,8
7,36
22,1
19,7
8,35
7,0
14,11
26,40
10,35
8,34
5,17
2,23
19,1
25,0
15,10
25,30
0,35
14,0
10,2
0,0
3,47
26,43
0,11
21,35
4,43
2,2
15,28
7,36
26,29
17,47
11,18
13,15
18,5
1,21
4,27
1,33
17,24
14,41
0,3
19,1
15,39
26,4
7,21
7,6
8,24
4,6
19,8
0,34
13,28
7,13
7,37
26,1
22,3
6,41
14,27
12,8
0,21
24,5
0,26
17,14
0,45
14,5
14,8
25,35
0,2
2,0
4,15
2,5
13,23
15,6
20,35
10,0
15,47
0,44
0,32
8,38
0,46
13,3
2,24
24,11
15,45
23,7
2,16
15,6
1,12
14,9
17,27
8,35
21,32
15,9
11,1
14,31
2,3
22,38
25,18
13,40
23,19
5,11
15,41
0,11
16,0
0,35
4,43
15,38
22,24
2,10
20,11
13,32
3,9
8,12
25,6
17,0
0,11
2,0
21,32
23,12
5,24
3,0
7,46
20,24
4,2
17,18
0,28
16,36
0,11
4,0
11,47
1,28
17,9
8,44
25,34
15,6
5,41
4,44
14,0
0,24
0,5
25,24
13,39
24,23
5,4
11,11
7,10
7,41
15,33
3,0
23,33
1,0
19,23
5,30
22,0
25,12
7,30
26,30
19,0
2,46
26,5
0,27
13,0
25,1
13,0
11,3
26,1
10,9
7,14
5,31
6,41
11,17
11,47
15,2
0,20
17,5
3,41
23,15
7,33
26,27
26,41
7,17
0,8
25,32
4,40
0,25
0,4
2,1
20,19
1,31
15,2
2,32
23,20
10,31
2,16
25,12
26,33
2,28
6,19
13,36
4,0
23,3
7,0
0,36
25,38
19,14
26,14
16,0
0,0
5,6
2,10
26,4
4,44
5,4
1,19
0,16
0,41
0,25
8,0
18,0
18,17
8,39
0,45
20,25
15,0
0,22
1,27
19,47
0,45
0,34
0,8
0,5
25,17
0,24
0,32
14,45
19,14
10,15
11,0
16,11
21,23
7,32
1,43
14,32
26,14
5,1
2,17
0,18
7,21
17,5
0,15
26,32
13,43
7,14
15,7
9,9
26,19
20,33
9,0
16,30
6,44
26,31
8,35
8,45
15,32
1,19
14,45
17,36
16,12
25,4
0,30
14,0
0,23
4,26
1,45
21,30
14,25
0,34
13,39
13,30
21,5
20,41
15,28
19,32
16,46
7,0
3,46
5,36
5,8
18,19
4,37
19,36
0,16
21,23
19,44
16,0
1,9
0,18
15,41
13,3
18,7
16,11
0,44
4,37
5,1
7,20
10,5
4,26
12,16
13,14
19,47
26,24
0,9
13,0
13,14
13,28
15,15
0,19
6,11
0,46
1,25
14,37
21,35
20,8
23,32
20,35
20,11
0,5
11,13
26,6
21,38
8,35
19,8
0,0
4,36
25,24
11,20
10,21
0,11
14,25
13,15
0,40
15,29
10,37
7,27
7,16
17,7
0,5
17,43
21,22
13,11
13,29
11,34
7,11
0,10
18,33
8,0
26,2
11,40
0,8
4,30
0,22
10,4
26,40
2,15
11,47
7,11
0,25
0,41
4,3
21,24
6,7
0,0
13,1
15,41
8,26
0,28
13,13
2,39
7,6
0,2
20,4
0,10
4,11
6,5
19,37
10,11
26,19
19,33
20,18
0,40
11,2
9,11
15,41
5,10
0,11
0,33
20,37
17,21
5,42
5,40
0,39
17,25
21,21
8,26
9,8
10,18
4,41
20,9
0,0
14,6
8,44
15,25
0,21
26,40
2,6
11,41
15,44
8,19
5,37
18,13
0,11
10,16
10,31
1,8
11,36
0,0
21,37
8,2
1,42
7,7
14,13
26,0
2,4
12,7
13,45
4,25
10,20
0,43
13,11
25,0
0,10
24,16
5,29
13,23
20,16
2,45
12,45
5,3
8,41
15,47
20,0
10,36
9,36
6,29
17,0
25,6
14,38
0,12
23,40
15,13
13,30
26,40
16,0
17,7
3,10
3,41
6,0
0,1
2,40
19,17
19,44
16,13
13,36
5,17
15,44
10,0
8,34
13,45
4,40
3,0
16,0
3,0
13,2
0,24
5,0
0,3
20,0
8,5
4,12
13,11
7,28
3,13
2,30
21,27
0,15
2,14
9,12
19,27
4,8
20,6
16,16
2,37
15,8
1,32
13,41
2,34
0,28
15,13
15,10
15,4
0,34
26,7
20,27
14,2
21,41
0,9
8,28
10,24
0,18
0,6
4,32
18,28
4,39
8,33
5,15
8,11
17,29
2,14
13,0
13,16
0,35
0,44
11,0
0,15
0,6
5,34
20,8
4,36
21,7
15,0
2,0
20,30
7,12
10,11
23,10
0,39
8,6
13,22
18,42
17,33
11,42
13,35
25,18
4,14
0,19
0,33
16,32
0,7
18,35
0,19
4,5
23,11
20,8
3,32
26,0
0,18
26,27
20,0
13,41
8,9
19,31
26,36
25,14
21,26
13,11
4,20
17,0
25,0
15,45
19,8
0,21
10,22
0,6
10,42
6,19
0,11
26,19
4,45
3,22
11,0
19,7
2,44
13,18
0,24
11,41
22,3
20,31
10,35
19,0
8,34
8,6
19,47
13,43
8,31
17,14
16,0
20,12
0,9
7,38
0,27
5,42
16,16
0,33
26,33
23,11
0,4
18,27
4,34
17,10
1,24
13,14
16,4
26,33
6,36
15,42
15,37
13,21
26,15
2,40
10,11
26,13
5,0
17,9
21,45
14,7
11,41
24,19
0,9
8,27
0,0
17,35
0,21
26,19
25,16
7,7
0,43
11,37
0,23
2,39
7,12
0,32
3,31
4,44
13,0
1,31
14,2
25,34
24,44
17,5
22,19
21,0
3,21
2,0
21,32
26,1
20,45
23,23
19,35
23,23
10,44
4,23
3,25
23,10
26,6
13,0
26,2
20,42
20,0
9,9
1,35
20,25
4,34
0,24
5,26
24,1
0,0
15,18
4,34
0,45
16,6
24,0
3,41
11,4
20,41
0,7
0,44
10,23
15,31
3,3
0,21
15,34
4,46
13,30
2,0
24,0
1,39
15,32
5,36
19,8
5,36
22,45
25,18
0,4
2,2
0,36
8,0
22,0
4,5
3,3
8,25
8,20
24,47
25,12
3,45
7,6
0,34
3,35
17,17
8,30
19,6
26,31
0,32
9,13
9,12
0,36
11,11
4,14
7,27
0,27
14,28
22,30
1,0
0,4
3,31
10,3
3,38
15,37
2,47
1,0
0,14
0,41
25,12
7,11
4,27
0,32
13,36
20,37
6,37
0,40
7,29
20,27
0,1
0,36
20,0
0,4
15,10
26,33
0,41
26,14
12,43
11,46
4,35
25,20
13,26
13,40
21,0
5,46
26,3
10,24
0,31
6,40
2,13
2,45
13,21
6,15
14,0
0,2
24,14
14,0
10,27
4,33
0,18
26,0
17,10
0,18
0,11
4,32
26,30
5,3
21,3
0,47
10,42
0,27
8,0
19,32
16,23
5,24
13,25
17,42
1,4
7,36
20,31
20,42
8,28
2,25
16,20
23,0
2,23
3,2
17,9
26,0
26,13
4,9
10,1
24,21
0,0
0,11
25,23
0,38
26,1
21,13
1,20
14,40
13,0
7,0
5,44
8,34
8,11
7,44
11,8
17,27
24,24
13,44
3,0
12,0
23,46
0,10
17,0
17,9
0,15
11,11
2,47
7,11
21,0
10,0
14,13
1,44
20,23
8,22
0,0
0,39
0,0
22,5
21,24
14,10
14,12
26,42
4,19
11,0
26,18
24,9
0,45
20,28
5,1
0,37
16,40
0,20
24,3
19,21
20,37
20,13
20,6
1,33
10,1
23,0
0,39
0,40
13,30
0,11
7,0
15,30
16,10
25,26
0,0
26,0
20,31
10,19
8,47
19,32
0,13
6,31
0,31
16,29
26,2
6,11
8,15
26,27
19,0
7,23
7,12
3,5
0,32
0,46
0,11
26,43
7,7
15,44
21,43
25,11
5,27
22,42
13,0
0,19
3,1
0,42
9,28
7,16
4,43
13,16
4,7
0,11
7,1
4,29
10,1
8,0
24,0
0,34
0,4
3,4
0,22
0,0
14,22
18,21
16,0
0,34
13,32
0,33
6,28
4,23
18,13
5,31
13,13
13,3
7,28
8,39
26,22
4,16
23,43
14,9
7,15
5,20
0,45
4,8
0,28
11,42
0,36
7,0
4,9
0,39
0,46
15,3
2,19
13,30
24,32
0,29
15,43
20,1
5,0
11,20
0,40
0,0
14,42
0,8
0,3
0,13
8,46
24,5
25,6
19,39
5,3
15,30
0,5
7,27
10,7
9,22
4,47
0,18
0,20
13,1
8,25
2,0
0,2
8,20
10,11
26,25
8,0
14,12
6,28
21,28
6,47
9,19
11,18
26,3
0,4
8,21
0,0
25,44
21,14
0,11
5,11
5,23
0,6
4,27
13,5
7,6
25,36
0,2
0,1
6,0
25,26
16,34
16,45
19,39
25,28
21,10
20,43
10,39
26,1
13,31
17,43
12,21
22,18
0,33
15,35
2,27
25,46
0,47
4,15
18,18
17,14
26,7
0,32
8,36
0,29
10,22
2,11
7,28
13,11
0,39
15,4
14,46
17,34
3,24
25,46
19,0
26,35
23,2
0,36
15,35
4,35
11,47
25,5
0,28
0,20
2,30
11,29
7,7
17,18
26,32
20,40
5,0
8,0
11,11
5,33
0,32
0,21
9,47
7,3
0,28
15,15
21,17
14,40
4,11
23,0
4,41
13,21
17,2
11,23
0,0
20,23
0,46
2,0
0,16
0,9
11,31
9,37
5,43
17,45
3,4
1,19
20,11
19,39
17,13
7,9
23,38
13,11
11,0
2,45
13,44
3,0
1,40
20,34
5,12
6,9
9,4
14,5
17,5
0,0
21,8
20,36
25,4
24,29
0,39
19,11
14,3
21,11
11,31
7,23
0,5
0,15
4,18
0,28
26,5
5,39
1,0
25,44
0,47
0,0
21,33
21,14
14,31
15,0
13,17
21,14
2,3
1,15
4,26
2,10
14,47
16,32
8,24
0,11
20,2
15,0
0,23
0,5
2,14
0,12
13,9
10,0
11,10
0,26
25,19
0,33
0,15
1,27
25,33
5,13
6,0
0,1
11,5
4,11
0,23
20,8
5,9
10,15
17,1
10,37
25,34
8,28
0,31
2,2
5,37
25,38
4,11
23,13
12,41
0,23
21,11
17,0
12,12
8,34
0,37
6,15
3,25
11,14
3,19
19,45
24,6
14,3
11,27
7,11
8,9
2,9
25,31
5,0
1,44
15,16
19,27
26,17
6,14
4,21
0,4
25,23
14,24
1,45
7,4
0,23
17,3
19,37
26,25
16,27
20,2
26,27
25,35
11,0
17,32
2,2
4,34
0,13
0,13
12,9
26,22
10,40
16,44
5,14
4,36
17,27
11,37
22,13
6,25
15,29
20,11
8,35
20,24
1,0
19,25
0,10
2,31
0,11
0,17
6,19
21,5
0,23
15,11
0,10
14,2
18,0
0,29
16,25
17,18
13,21
10,34
15,0
17,37
0,45
1,24
21,0
19,7
25,40
8,0
0,7
17,11
3,27
19,0
0,15
5,17
0,25
26,45
26,21
14,22
14,35
7,10
14,5
19,43
14,3
0,31
0,16
12,41
23,41
15,8
26,22
0,47
14,6
20,14
2,33
0,11
26,8
7,43
11,24
15,32
21,27
8,10
16,43
0,25
0,0
4,0
19,1
20,46
0,22
11,0
14,21
21,11
11,11
8,0
0,0
10,1
0,46
20,20
15,15
16,18
12,0
1,38
14,25
13,39
4,45
0,31
4,30
0,0
23,41
8,21
17,0
0,47
26,41
14,0
15,23
0,11
1,28
5,6
26,0
10,39
0,33
0,4
10,47
20,28
0,20
0,24
26,21
0,43
0,34
23,11
8,11
7,14
26,9
20,35
0,25
20,39
17,10
25,34
14,19
8,30
13,26
2,17
16,1
22,19
13,8
17,29
10,30
5,19
7,23
17,12
14,3
0,27
17,33
26,8
14,3
0,16
5,2
2,28
3,47
0,45
19,4
10,5
1,7
24,28
0,27
0,11
10,24
0,11
11,28
0,6
26,46
7,12
0,13
8,28
0,16
7,37
4,11
2,47
4,6
2,0
0,27
7,47
5,7
25,11
6,9
5,7
17,4
10,47
11,36
13,35
26,16
25,0
0,32
8,26
10,47
0,46
21,20
0,8
7,15
12,4
1,1
16,19
14,12
26,2
3,2
25,34
20,11
0,23
26,0
0,26
17,44
0,10
14,19
0,27
17,0
9,15
17,10
7,14
8,23
6,31
19,10
19,15
1,43
0,35
13,11
9,33
2,13
21,12
8,8
13,9
0,28
0,35
19,42
0,38
17,15
0,37
26,11
14,27
23,0
5,25
26,36
5,16
8,4
19,2
11,15
0,27
0,40
2,44
25,30
19,11
12,19
5,26
7,16
0,8
10,14
19,7
7,47
6,0
0,2
1,9
14,37
10,27
10,11
0,0
8,0
0,13
21,11
22,11
5,38
5,13
0,23
0,15
8,34
8,34
15,7
17,25
0,5
0,14
14,32
1,25
13,34
13,0
16,34
21,8
25,12
21,24
12,0
0,11
17,46
17,8
15,33
0,11
0,37
3,28
26,33
15,5
19,28
1,27
10,5
2,37
17,1
0,0
22,29
19,23
2,32
0,29
13,7
24,0
0,39
17,0
0,0
7,13
0,26
0,8
0,27
5,35
15,13
23,35
26,14
1,0
20,41
0,11
10,14
23,16
20,21
18,35
25,3
15,46
0,1
20,9
0,37
13,18
0,11
11,10
10,14
17,0
14,31
13,11
17,8
12,32
13,21
22,0
1,5
25,30
4,27
13,9
19,42
14,39
11,6
15,21
0,44
6,6
13,40
23,22
23,4
7,24
7,0
6,19
4,47
1,43
0,28
7,11
5,0
0,5
11,38
20,16
4,0
4,1
7,24
14,15
20,14
3,26
26,16
19,0
4,0
0,36
24,30
7,25
15,0
18,4
14,32
0,14
24,34
14,34
20,5
0,1
0,0
15,9
0,47
2,4
8,15
10,4
0,46
2,47
0,39
26,47
26,11
2,28
26,3
17,13
1,18
25,32
17,31
0,7
20,10
1,11
11,31
7,0
6,4
15,19
25,7
4,0
21,17
0,23
26,11
0,13
4,21
20,30
4,2
0,38
26,0
6,6
0,16
8,30
3,13
10,14
25,40
19,0
17,13
7,13
5,24
17,15
17,46
18,14
0,2
11,16
14,20
17,7
6,13
14,14
1,9
0,4
3,33
0,23
4,22
5,19
4,43
4,3
20,47
7,18
5,21
21,25
0,7
21,36
17,14
0,4
21,25
1,1
11,24
0,26
0,23
3,40
7,18
0,16
1,7
10,4
6,0
0,28
0,25
21,0
26,40
15,33
17,47
2,11
15,35
16,36
17,12
20,7
23,15
7,3
26,28
4,31
2,14
20,18
0,39
0,34
13,15
25,35
20,38
21,4
0,40
17,0
1,15
11,25
0,14
5,8
0,41
0,41
0,25
0,12
25,35
0,33
10,34
20,0
10,19
6,27
0,29
19,47
0,15
0,18
0,36
15,47
26,11
0,32
0,2
6,36
20,34
8,10
0,24
3,41
10,28
19,20
19,34
13,43
26,21
0,16
13,21
8,0
8,3
0,10
4,31
14,21
8,0
0,16
4,23
7,42
17,30
26,11
15,15
1,34
19,12
19,23
8,2
7,0
4,35
3,11
26,39
8,31
21,18
14,40
0,25
15,9
19,25
2,26
10,2
10,20
2,43
25,5
7,39
21,22
7,7
21,11
0,45
19,38
4,40
15,35
14,34
15,14
25,27
0,1
25,10
0,40
0,14
8,37
26,0
8,18
8,11
9,44
10,30
14,15
14,35
12,15
15,25
15,0
18,15
14,40
20,9
9,26
7,34
12,17
5,30
4,45
6,5
0,14
10,19
25,41
4,2
14,18
0,11
0,25
18,33
12,0
2,44
4,4
0,0
17,3
11,13
0,44
0,0
15,39
26,19
15,28
19,1
7,11
0,0
4,28
11,0
1,18
0,25
26,14
5,16
0,19
4,2
0,27
17,12
14,25
21,28
13,11
2,0
21,9
13,26
21,33
14,4
7,13
7,39
11,12
25,10
10,15
8,0
21,0
21,5
0,43
23,37
22,35
26,8
17,2
0,11
9,39
5,24
11,42
0,16
26,43
5,12
0,21
8,12
21,37
8,0
18,17
23,44
25,17
26,39
17,46
13,32
26,4
7,43
11,29
7,19
24,6
7,0
16,3
15,45
11,29
0,35
0,20
17,37
0,14
26,15
20,30
17,37
19,47
11,26
5,16
13,15
6,23
8,19
11,8
0,10
20,24
2,34
18,11
15,0
7,41
12,37
8,44
5,16
17,16
11,12
21,0
0,12
5,46
7,11
21,40
26,22
9,14
4,6
4,37
24,15
3,30
0,39
0,18
21,13
11,7
15,39
26,3
6,12
14,21
23,23
0,24
0,7
26,47
8,32
0,0
15,19
23,24
4,0
15,30
3,43
11,5
26,35
17,16
17,24
7,13
13,29
8,33
5,33
23,2
11,6
10,0
0,7
2,11
15,0
0,0
1,27
17,34
17,15
7,21
6,43
11,39
10,38
0,24
25,44
0,30
4,43
18,37
5,41
10,25
23,39
20,30
6,12
0,21
5,8
0,12
2,3
19,47
1,35
4,9
7,32
1,32
21,32
23,0
18,0
8,37
0,12
10,5
10,3
17,0
0,14
8,8
14,36
22,27
0,43
1,38
19,38
15,36
17,15
24,47
6,0
15,15
17,19
21,11
8,0
0,18
15,21
3,47
0,35
16,0
1,23
4,23
25,28
10,17
7,37
