Body,Body_color,name,score,bg,bg_color,name,score,cc,cc_color,name,score
1,3,dxjd,-187321.2,1,0,a2,59849.0,1,0,cca2,59849.0
1,1,a1,-242851.2,1,0,a2,59849.0,1,0,cca2,59849.0
0,0,a1,-101311.4,1,0,a2,59849.0,0,0,aa1,83788.6
2,1,a,-125991.4,1,0,a2,59849.0,2,0,aaa3,95758.4
1,4,ssxa,-205831.2,1,0,a2,59849.0,1,0,cca2,59849.0
2,3,djd,-88971.4,1,0,a2,59849.0,1,0,cca2,59849.0
0,1,1a1,-101311.4,2,0,a3,95758.4,1,0,cca2,59849.0
1,4,ssxa,-205831.2,0,0,a1,83788.6,1,0,cca2,59849.0
1,3,dxjd,-187321.2,2,0,a3,95758.4,1,0,cca2,59849.0
0,2,1ea1,-101311.4,0,0,a1,83788.6,2,0,aaa3,95758.4
0,0,a1,-101311.4,0,0,a1,83788.6,1,0,cca2,59849.0
0,1,1a1,-101311.4,0,0,a1,83788.6,1,0,cca2,59849.0
1,3,dxjd,-187321.2,2,0,a3,95758.4,1,0,cca2,59849.0
1,1,a1,-242851.2,0,0,a1,83788.6,0,0,aa1,83788.6
2,2,v,-138331.4,0,0,a1,83788.6,1,0,cca2,59849.0
1,3,dxjd,-187321.2,0,0,a1,83788.6,0,0,aa1,83788.6
0,3,1eea1,-101311.4,1,0,a2,59849.0,1,0,cca2,59849.0
1,5,sssbbv,-224341.2,1,0,a2,59849.0,2,0,aaa3,95758.4
2,3,djd,-88971.4,2,0,a3,95758.4,0,0,aa1,83788.6
0,2,1ea1,-101311.4,2,0,a3,95758.4,0,0,aa1,83788.6
1,4,ssxa,-205831.2,1,0,a2,59849.0,2,0,aaa3,95758.4
1,5,sssbbv,-224341.2,0,0,a1,83788.6,0,0,aa1,83788.6
2,4,sxa,-101311.4,1,0,a2,59849.0,2,0,aaa3,95758.4
2,5,ssb,-113651.4,1,0,a2,59849.0,0,0,aa1,83788.6
0,1,1a1,-101311.4,0,0,a1,83788.6,0,0,aa1,83788.6
1,4,ssxa,-205831.2,2,0,a3,95758.4,0,0,aa1,83788.6
0,1,1a1,-101311.4,1,0,a2,59849.0,0,0,aa1,83788.6
1,4,ssxa,-205831.2,0,0,a1,83788.6,2,0,aaa3,95758.4
2,3,djd,-88971.4,1,0,a2,59849.0,1,0,cca2,59849.0
0,0,a1,-101311.4,0,0,a1,83788.6,0,0,aa1,83788.6
2,4,sxa,-101311.4,1,0,a2,59849.0,2,0,aaa3,95758.4
1,3,dxjd,-187321.2,0,0,a1,83788.6,2,0,aaa3,95758.4
0,3,1eea1,-101311.4,1,0,a2,59849.0,1,0,cca2,59849.0
0,1,1a1,-101311.4,0,0,a1,83788.6,1,0,cca2,59849.0
2,1,a,-125991.4,0,0,a1,83788.6,1,0,cca2,59849.0
1,2,v,-261361.2,1,0,a2,59849.0,1,0,cca2,59849.0
2,4,sxa,-101311.4,2,0,a3,95758.4,1,0,cca2,59849.0
1,1,a1,-242851.2,1,0,a2,59849.0,0,0,aa1,83788.6
0,3,1eea1,-101311.4,1,0,a2,59849.0,0,0,aa1,83788.6
2,4,sxa,-101311.4,0,0,a1,83788.6,0,0,aa1,83788.6
1,2,v,-261361.2,1,0,a2,59849.0,1,0,cca2,59849.0
2,4,sxa,-101311.4,1,0,a2,59849.0,0,0,aa1,83788.6
2,5,ssb,-113651.4,1,0,a2,59849.0,1,0,cca2,59849.0
2,4,sxa,-101311.4,0,0,a1,83788.6,1,0,cca2,59849.0
2,5,ssb,-113651.4,1,0,a2,59849.0,1,0,cca2,59849.0
1,4,ssxa,-205831.2,1,0,a2,59849.0,0,0,aa1,83788.6
0,1,1a1,-101311.4,2,0,a3,95758.4,0,0,aa1,83788.6
0,1,1a1,-101311.4,0,0,a1,83788.6,0,0,aa1,83788.6
1,5,sssbbv,-224341.2,0,0,a1,83788.6,1,0,cca2,59849.0
0,2,1ea1,-101311.4,2,0,a3,95758.4,2,0,aaa3,95758.4
2,4,sxa,-101311.4,1,0,a2,59849.0,1,0,cca2,59849.0
0,3,1eea1,-101311.4,2,0,a3,95758.4,0,0,aa1,83788.6
1,4,ssxa,-205831.2,0,0,a1,83788.6,1,0,cca2,59849.0
1,3,dxjd,-187321.2,1,0,a2,59849.0,0,0,aa1,83788.6
0,2,1ea1,-101311.4,0,0,a1,83788.6,2,0,aaa3,95758.4
0,1,1a1,-101311.4,1,0,a2,59849.0,1,0,cca2,59849.0
0,1,1a1,-101311.4,1,0,a2,59849.0,0,0,aa1,83788.6
1,5,sssbbv,-224341.2,1,0,a2,59849.0,0,0,aa1,83788.6
1,3,dxjd,-187321.2,1,0,a2,59849.0,0,0,aa1,83788.6
1,1,a1,-242851.2,1,0,a2,59849.0,1,0,cca2,59849.0
0,1,1a1,-101311.4,0,0,a1,83788.6,1,0,cca2,59849.0
2,5,ssb,-113651.4,1,0,a2,59849.0,1,0,cca2,59849.0
0,2,1ea1,-101311.4,2,0,a3,95758.4,0,0,aa1,83788.6
1,3,dxjd,-187321.2,2,0,a3,95758.4,1,0,cca2,59849.0
1,5,sssbbv,-224341.2,1,0,a2,59849.0,2,0,aaa3,95758.4
2,1,a,-125991.4,1,0,a2,59849.0,0,0,aa1,83788.6
0,2,1ea1,-101311.4,2,0,a3,95758.4,1,0,cca2,59849.0
1,1,a1,-242851.2,0,0,a1,83788.6,1,0,cca2,59849.0
1,5,sssbbv,-224341.2,1,0,a2,59849.0,1,0,cca2,59849.0
1,4,ssxa,-205831.2,1,0,a2,59849.0,1,0,cca2,59849.0
1,1,a1,-242851.2,2,0,a3,95758.4,0,0,aa1,83788.6
0,3,1eea1,-101311.4,1,0,a2,59849.0,2,0,aaa3,95758.4
2,3,djd,-88971.4,0,0,a1,83788.6,0,0,aa1,83788.6
2,1,a,-125991.4,1,0,a2,59849.0,1,0,cca2,59849.0
2,4,sxa,-101311.4,2,0,a3,95758.4,1,0,cca2,59849.0
0,3,1eea1,-101311.4,1,0,a2,59849.0,1,0,cca2,59849.0
2,5,ssb,-113651.4,0,0,a1,83788.6,0,0,aa1,83788.6
1,3,dxjd,-187321.2,0,0,a1,83788.6,1,0,cca2,59849.0
0,1,1a1,-101311.4,0,0,a1,83788.6,0,0,aa1,83788.6
1,5,sssbbv,-224341.2,2,0,a3,95758.4,1,0,cca2,59849.0
2,4,sxa,-101311.4,0,0,a1,83788.6,2,0,aaa3,95758.4
2,1,a,-125991.4,1,0,a2,59849.0,1,0,cca2,59849.0
2,5,ssb,-113651.4,2,0,a3,95758.4,1,0,cca2,59849.0
2,3,djd,-88971.4,1,0,a2,59849.0,2,0,aaa3,95758.4
0,2,1ea1,-101311.4,0,0,a1,83788.6,0,0,aa1,83788.6
1,3,dxjd,-187321.2,1,0,a2,59849.0,1,0,cca2,59849.0
0,2,1ea1,-101311.4,1,0,a2,59849.0,1,0,cca2,59849.0
2,1,a,-125991.4,0,0,a1,83788.6,1,0,cca2,59849.0
1,3,dxjd,-187321.2,0,0,a1,83788.6,0,0,aa1,83788.6
1,5,sssbbv,-224341.2,1,0,a2,59849.0,0,0,aa1,83788.6
1,4,ssxa,-205831.2,2,0,a3,95758.4,1,0,cca2,59849.0
1,3,dxjd,-187321.2,1,0,a2,59849.0,0,0,aa1,83788.6
2,2,v,-138331.4,1,0,a2,59849.0,0,0,aa1,83788.6
0,2,1ea1,-101311.4,1,0,a2,59849.0,0,0,aa1,83788.6
2,5,ssb,-113651.4,1,0,a2,59849.0,0,0,aa1,83788.6
1,3,dxjd,-187321.2,1,0,a2,59849.0,0,0,aa1,83788.6
1,1,a1,-242851.2,2,0,a3,95758.4,1,0,cca2,59849.0
1,4,ssxa,-205831.2,1,0,a2,59849.0,2,0,aaa3,95758.4
0,0,a1,-101311.4,0,0,a1,83788.6,1,0,cca2,59849.0
1,5,sssbbv,-224341.2,1,0,a2,59849.0,1,0,cca2,59849.0
2,1,a,-125991.4,1,0,a2,59849.0,1,0,cca2,59849.0
2,1,a,-125991.4,1,0,a2,59849.0,0,0,aa1,83788.6
1,1,a1,-242851.2,0,0,a1,83788.6,2,0,aaa3,95758.4
0,3,1eea1,-101311.4,1,0,a2,59849.0,1,0,cca2,59849.0
2,4,sxa,-101311.4,0,0,a1,83788.6,2,0,aaa3,95758.4
1,3,dxjd,-187321.2,0,0,a1,83788.6,1,0,cca2,59849.0
1,3,dxjd,-187321.2,2,0,a3,95758.4,0,0,aa1,83788.6
2,1,a,-125991.4,2,0,a3,95758.4,0,0,aa1,83788.6
0,2,1ea1,-101311.4,0,0,a1,83788.6,1,0,cca2,59849.0
2,1,a,-125991.4,1,0,a2,59849.0,1,0,cca2,59849.0
0,1,1a1,-101311.4,2,0,a3,95758.4,2,0,aaa3,95758.4
2,5,ssb,-113651.4,1,0,a2,59849.0,1,0,cca2,59849.0
1,5,sssbbv,-224341.2,0,0,a1,83788.6,2,0,aaa3,95758.4
0,0,a1,-101311.4,1,0,a2,59849.0,1,0,cca2,59849.0
2,1,a,-125991.4,0,0,a1,83788.6,0,0,aa1,83788.6
2,5,ssb,-113651.4,2,0,a3,95758.4,1,0,cca2,59849.0
1,1,a1,-242851.2,1,0,a2,59849.0,0,0,aa1,83788.6
0,0,a1,-101311.4,2,0,a3,95758.4,2,0,aaa3,95758.4
2,1,a,-125991.4,1,0,a2,59849.0,1,0,cca2,59849.0
1,3,dxjd,-187321.2,2,0,a3,95758.4,2,0,aaa3,95758.4
2,3,djd,-88971.4,1,0,a2,59849.0,1,0,cca2,59849.0
2,4,sxa,-101311.4,1,0,a2,59849.0,0,0,aa1,83788.6
1,3,dxjd,-187321.2,0,0,a1,83788.6,2,0,aaa3,95758.4
1,4,ssxa,-205831.2,1,0,a2,59849.0,1,0,cca2,59849.0
2,2,v,-138331.4,1,0,a2,59849.0,2,0,aaa3,95758.4
1,4,ssxa,-205831.2,1,0,a2,59849.0,1,0,cca2,59849.0
2,3,djd,-88971.4,1,0,a2,59849.0,1,0,cca2,59849.0
1,3,dxjd,-187321.2,1,0,a2,59849.0,2,0,aaa3,95758.4
1,3,dxjd,-187321.2,1,0,a2,59849.0,1,0,cca2,59849.0
2,1,a,-125991.4,0,0,a1,83788.6,0,0,aa1,83788.6
1,5,sssbbv,-224341.2,1,0,a2,59849.0,0,0,aa1,83788.6
1,3,dxjd,-187321.2,0,0,a1,83788.6,1,0,cca2,59849.0
0,1,1a1,-101311.4,2,0,a3,95758.4,2,0,aaa3,95758.4
1,4,ssxa,-205831.2,1,0,a2,59849.0,0,0,aa1,83788.6
0,0,a1,-101311.4,2,0,a3,95758.4,1,0,cca2,59849.0
0,2,1ea1,-101311.4,1,0,a2,59849.0,2,0,aaa3,95758.4
1,5,sssbbv,-224341.2,0,0,a1,83788.6,2,0,aaa3,95758.4
0,0,a1,-101311.4,0,0,a1,83788.6,0,0,aa1,83788.6
2,2,v,-138331.4,1,0,a2,59849.0,1,0,cca2,59849.0
1,4,ssxa,-205831.2,0,0,a1,83788.6,1,0,cca2,59849.0
2,5,ssb,-113651.4,1,0,a2,59849.0,1,0,cca2,59849.0
1,3,dxjd,-187321.2,1,0,a2,59849.0,2,0,aaa3,95758.4
1,3,dxjd,-187321.2,2,0,a3,95758.4,1,0,cca2,59849.0
1,3,dxjd,-187321.2,0,0,a1,83788.6,0,0,aa1,83788.6
0,0,a1,-101311.4,1,0,a2,59849.0,0,0,aa1,83788.6
2,5,ssb,-113651.4,1,0,a2,59849.0,2,0,aaa3,95758.4
0,2,1ea1,-101311.4,2,0,a3,95758.4,1,0,cca2,59849.0
0,3,1eea1,-101311.4,1,0,a2,59849.0,0,0,aa1,83788.6
1,2,v,-261361.2,1,0,a2,59849.0,1,0,cca2,59849.0
1,5,sssbbv,-224341.2,1,0,a2,59849.0,1,0,cca2,59849.0
1,1,a1,-242851.2,1,0,a2,59849.0,0,0,aa1,83788.6
2,2,v,-138331.4,1,0,a2,59849.0,1,0,cca2,59849.0
2,3,djd,-88971.4,0,0,a1,83788.6,1,0,cca2,59849.0
1,1,a1,-242851.2,0,0,a1,83788.6,0,0,aa1,83788.6
0,0,a1,-101311.4,0,0,a1,83788.6,0,0,aa1,83788.6
0,0,a1,-101311.4,0,0,a1,83788.6,2,0,aaa3,95758.4
2,5,ssb,-113651.4,1,0,a2,59849.0,1,0,cca2,59849.0
1,3,dxjd,-187321.2,1,0,a2,59849.0,2,0,aaa3,95758.4
0,3,1eea1,-101311.4,1,0,a2,59849.0,1,0,cca2,59849.0
2,3,djd,-88971.4,1,0,a2,59849.0,1,0,cca2,59849.0
1,4,ssxa,-205831.2,1,0,a2,59849.0,1,0,cca2,59849.0
0,3,1eea1,-101311.4,0,0,a1,83788.6,1,0,cca2,59849.0
1,4,ssxa,-205831.2,0,0,a1,83788.6,0,0,aa1,83788.6
2,3,djd,-88971.4,2,0,a3,95758.4,1,0,cca2,59849.0
1,1,a1,-242851.2,0,0,a1,83788.6,0,0,aa1,83788.6
1,1,a1,-242851.2,0,0,a1,83788.6,1,0,cca2,59849.0
2,3,djd,-88971.4,2,0,a3,95758.4,0,0,aa1,83788.6
0,0,a1,-101311.4,1,0,a2,59849.0,2,0,aaa3,95758.4
0,3,1eea1,-101311.4,1,0,a2,59849.0,1,0,cca2,59849.0
1,3,dxjd,-187321.2,1,0,a2,59849.0,1,0,cca2,59849.0
0,0,a1,-101311.4,1,0,a2,59849.0,2,0,aaa3,95758.4
2,5,ssb,-113651.4,1,0,a2,59849.0,2,0,aaa3,95758.4
2,5,ssb,-113651.4,2,0,a3,95758.4,1,0,cca2,59849.0
1,3,dxjd,-187321.2,1,0,a2,59849.0,0,0,aa1,83788.6
1,5,sssbbv,-224341.2,0,0,a1,83788.6,1,0,cca2,59849.0
1,5,sssbbv,-224341.2,1,0,a2,59849.0,2,0,aaa3,95758.4
0,2,1ea1,-101311.4,2,0,a3,95758.4,1,0,cca2,59849.0
1,3,dxjd,-187321.2,2,0,a3,95758.4,2,0,aaa3,95758.4
2,4,sxa,-101311.4,2,0,a3,95758.4,1,0,cca2,59849.0
1,4,ssxa,-205831.2,1,0,a2,59849.0,0,0,aa1,83788.6
0,1,1a1,-101311.4,0,0,a1,83788.6,1,0,cca2,59849.0
0,0,a1,-101311.4,0,0,a1,83788.6,2,0,aaa3,95758.4
1,1,a1,-242851.2,1,0,a2,59849.0,2,0,aaa3,95758.4
0,3,1eea1,-101311.4,1,0,a2,59849.0,1,0,cca2,59849.0
1,5,sssbbv,-224341.2,1,0,a2,59849.0,2,0,aaa3,95758.4
2,1,a,-125991.4,1,0,a2,59849.0,0,0,aa1,83788.6
2,5,ssb,-113651.4,1,0,a2,59849.0,2,0,aaa3,95758.4
2,1,a,-125991.4,2,0,a3,95758.4,0,0,aa1,83788.6
1,1,a1,-242851.2,0,0,a1,83788.6,1,0,cca2,59849.0
1,3,dxjd,-187321.2,2,0,a3,95758.4,1,0,cca2,59849.0
2,4,sxa,-101311.4,1,0,a2,59849.0,1,0,cca2,59849.0
2,3,djd,-88971.4,1,0,a2,59849.0,2,0,aaa3,95758.4
1,2,v,-261361.2,1,0,a2,59849.0,2,0,aaa3,95758.4
2,2,v,-138331.4,2,0,a3,95758.4,0,0,aa1,83788.6
1,4,ssxa,-205831.2,2,0,a3,95758.4,1,0,cca2,59849.0
2,3,djd,-88971.4,1,0,a2,59849.0,0,0,aa1,83788.6
1,5,sssbbv,-224341.2,1,0,a2,59849.0,1,0,cca2,59849.0
1,4,ssxa,-205831.2,1,0,a2,59849.0,0,0,aa1,83788.6
1,3,dxjd,-187321.2,1,0,a2,59849.0,1,0,cca2,59849.0
1,5,sssbbv,-224341.2,1,0,a2,59849.0,1,0,cca2,59849.0
2,1,a,-125991.4,0,0,a1,83788.6,0,0,aa1,83788.6
0,3,1eea1,-101311.4,1,0,a2,59849.0,1,0,cca2,59849.0
1,3,dxjd,-187321.2,2,0,a3,95758.4,2,0,aaa3,95758.4
2,5,ssb,-113651.4,1,0,a2,59849.0,1,0,cca2,59849.0
2,4,sxa,-101311.4,0,0,a1,83788.6,1,0,cca2,59849.0
1,5,sssbbv,-224341.2,1,0,a2,59849.0,0,0,aa1,83788.6
1,1,a1,-242851.2,1,0,a2,59849.0,1,0,cca2,59849.0
2,4,sxa,-101311.4,0,0,a1,83788.6,1,0,cca2,59849.0
1,2,v,-261361.2,0,0,a1,83788.6,2,0,aaa3,95758.4
1,3,dxjd,-187321.2,1,0,a2,59849.0,2,0,aaa3,95758.4
2,1,a,-125991.4,2,0,a3,95758.4,1,0,cca2,59849.0
2,3,djd,-88971.4,1,0,a2,59849.0,2,0,aaa3,95758.4
0,1,1a1,-101311.4,1,0,a2,59849.0,2,0,aaa3,95758.4
0,3,1eea1,-101311.4,2,0,a3,95758.4,1,0,cca2,59849.0
1,3,dxjd,-187321.2,1,0,a2,59849.0,0,0,aa1,83788.6
0,0,a1,-101311.4,1,0,a2,59849.0,1,0,cca2,59849.0
2,5,ssb,-113651.4,1,0,a2,59849.0,1,0,cca2,59849.0
1,5,sssbbv,-224341.2,0,0,a1,83788.6,1,0,cca2,59849.0
2,3,djd,-88971.4,1,0,a2,59849.0,1,0,cca2,59849.0
2,4,sxa,-101311.4,1,0,a2,59849.0,1,0,cca2,59849.0
0,3,1eea1,-101311.4,1,0,a2,59849.0,2,0,aaa3,95758.4
1,3,dxjd,-187321.2,2,0,a3,95758.4,1,0,cca2,59849.0
1,3,dxjd,-187321.2,1,0,a2,59849.0,0,0,aa1,83788.6
2,5,ssb,-113651.4,1,0,a2,59849.0,0,0,aa1,83788.6
0,3,1eea1,-101311.4,1,0,a2,59849.0,1,0,cca2,59849.0
0,1,1a1,-101311.4,0,0,a1,83788.6,1,0,cca2,59849.0
2,5,ssb,-113651.4,2,0,a3,95758.4,2,0,aaa3,95758.4
0,1,1a1,-101311.4,0,0,a1,83788.6,0,0,aa1,83788.6
1,4,ssxa,-205831.2,1,0,a2,59849.0,2,0,aaa3,95758.4
1,2,v,-261361.2,2,0,a3,95758.4,1,0,cca2,59849.0
1,3,dxjd,-187321.2,1,0,a2,59849.0,1,0,cca2,59849.0
2,4,sxa,-101311.4,0,0,a1,83788.6,2,0,aaa3,95758.4
2,4,sxa,-101311.4,2,0,a3,95758.4,1,0,cca2,59849.0
1,3,dxjd,-187321.2,2,0,a3,95758.4,0,0,aa1,83788.6
0,1,1a1,-101311.4,1,0,a2,59849.0,0,0,aa1,83788.6
1,4,ssxa,-205831.2,2,0,a3,95758.4,1,0,cca2,59849.0
1,4,ssxa,-205831.2,0,0,a1,83788.6,1,0,cca2,59849.0
0,0,a1,-101311.4,2,0,a3,95758.4,1,0,cca2,59849.0
1,5,sssbbv,-224341.2,1,0,a2,59849.0,1,0,cca2,59849.0
0,3,1eea1,-101311.4,2,0,a3,95758.4,1,0,cca2,59849.0
2,3,djd,-88971.4,1,0,a2,59849.0,0,0,aa1,83788.6
2,1,a,-125991.4,0,0,a1,83788.6,0,0,aa1,83788.6
2,1,a,-125991.4,1,0,a2,59849.0,1,0,cca2,59849.0
1,3,dxjd,-187321.2,1,0,a2,59849.0,1,0,cca2,59849.0
1,3,dxjd,-187321.2,0,0,a1,83788.6,0,0,aa1,83788.6
2,3,djd,-88971.4,1,0,a2,59849.0,1,0,cca2,59849.0
0,2,1ea1,-101311.4,1,0,a2,59849.0,0,0,aa1,83788.6
1,4,ssxa,-205831.2,1,0,a2,59849.0,0,0,aa1,83788.6
0,2,1ea1,-101311.4,1,0,a2,59849.0,1,0,cca2,59849.0
2,4,sxa,-101311.4,1,0,a2,59849.0,2,0,aaa3,95758.4
1,4,ssxa,-205831.2,1,0,a2,59849.0,1,0,cca2,59849.0
2,4,sxa,-101311.4,1,0,a2,59849.0,1,0,cca2,59849.0
2,3,djd,-88971.4,0,0,a1,83788.6,0,0,aa1,83788.6
2,3,djd,-88971.4,0,0,a1,83788.6,1,0,cca2,59849.0
2,3,djd,-88971.4,1,0,a2,59849.0,1,0,cca2,59849.0
2,2,v,-138331.4,1,0,a2,59849.0,1,0,cca2,59849.0
1,4,ssxa,-205831.2,1,0,a2,59849.0,1,0,cca2,59849.0
1,4,ssxa,-205831.2,1,0,a2,59849.0,0,0,aa1,83788.6
2,3,djd,-88971.4,1,0,a2,59849.0,0,0,aa1,83788.6
1,3,dxjd,-187321.2,1,0,a2,59849.0,2,0,aaa3,95758.4
1,4,ssxa,-205831.2,2,0,a3,95758.4,1,0,cca2,59849.0
2,3,djd,-88971.4,2,0,a3,95758.4,0,0,aa1,83788.6
1,3,dxjd,-187321.2,1,0,a2,59849.0,2,0,aaa3,95758.4
2,3,djd,-88971.4,2,0,a3,95758.4,0,0,aa1,83788.6
0,0,a1,-101311.4,2,0,a3,95758.4,2,0,aaa3,95758.4
0,2,1ea1,-101311.4,1,0,a2,59849.0,1,0,cca2,59849.0
0,1,1a1,-101311.4,1,0,a2,59849.0,1,0,cca2,59849.0
1,4,ssxa,-205831.2,1,0,a2,59849.0,1,0,cca2,59849.0
0,1,1a1,-101311.4,0,0,a1,83788.6,1,0,cca2,59849.0
1,3,dxjd,-187321.2,1,0,a2,59849.0,1,0,cca2,59849.0
2,1,a,-125991.4,1,0,a2,59849.0,0,0,aa1,83788.6
0,3,1eea1,-101311.4,0,0,a1,83788.6,1,0,cca2,59849.0
2,3,djd,-88971.4,1,0,a2,59849.0,2,0,aaa3,95758.4
0,0,a1,-101311.4,1,0,a2,59849.0,1,0,cca2,59849.0
0,3,1eea1,-101311.4,0,0,a1,83788.6,2,0,aaa3,95758.4
1,1,a1,-242851.2,2,0,a3,95758.4,0,0,aa1,83788.6
1,5,sssbbv,-224341.2,1,0,a2,59849.0,2,0,aaa3,95758.4
2,3,djd,-88971.4,0,0,a1,83788.6,0,0,aa1,83788.6
0,2,1ea1,-101311.4,2,0,a3,95758.4,1,0,cca2,59849.0
1,2,v,-261361.2,1,0,a2,59849.0,2,0,aaa3,95758.4
0,3,1eea1,-101311.4,1,0,a2,59849.0,0,0,aa1,83788.6
0,1,1a1,-101311.4,2,0,a3,95758.4,0,0,aa1,83788.6
0,3,1eea1,-101311.4,0,0,a1,83788.6,0,0,aa1,83788.6
2,4,sxa,-101311.4,1,0,a2,59849.0,1,0,cca2,59849.0
2,5,ssb,-113651.4,1,0,a2,59849.0,1,0,cca2,59849.0
0,0,a1,-101311.4,1,0,a2,59849.0,1,0,cca2,59849.0
2,4,sxa,-101311.4,0,0,a1,83788.6,0,0,aa1,83788.6
2,4,sxa,-101311.4,1,0,a2,59849.0,1,0,cca2,59849.0
2,1,a,-125991.4,1,0,a2,59849.0,1,0,cca2,59849.0
1,5,sssbbv,-224341.2,0,0,a1,83788.6,1,0,cca2,59849.0
0,0,a1,-101311.4,0,0,a1,83788.6,1,0,cca2,59849.0
2,3,djd,-88971.4,0,0,a1,83788.6,1,0,cca2,59849.0
2,2,v,-138331.4,1,0,a2,59849.0,1,0,cca2,59849.0
1,3,dxjd,-187321.2,0,0,a1,83788.6,0,0,aa1,83788.6
2,3,djd,-88971.4,1,0,a2,59849.0,0,0,aa1,83788.6
2,4,sxa,-101311.4,1,0,a2,59849.0,0,0,aa1,83788.6
0,1,1a1,-101311.4,2,0,a3,95758.4,0,0,aa1,83788.6
2,3,djd,-88971.4,1,0,a2,59849.0,1,0,cca2,59849.0
2,5,ssb,-113651.4,1,0,a2,59849.0,1,0,cca2,59849.0
2,3,djd,-88971.4,1,0,a2,59849.0,1,0,cca2,59849.0
0,3,1eea1,-101311.4,0,0,a1,83788.6,1,0,cca2,59849.0
1,1,a1,-242851.2,0,0,a1,83788.6,1,0,cca2,59849.0
0,1,1a1,-101311.4,2,0,a3,95758.4,1,0,cca2,59849.0
1,5,sssbbv,-224341.2,1,0,a2,59849.0,1,0,cca2,59849.0
1,3,dxjd,-187321.2,2,0,a3,95758.4,1,0,cca2,59849.0
1,5,sssbbv,-224341.2,1,0,a2,59849.0,1,0,cca2,59849.0
1,3,dxjd,-187321.2,0,0,a1,83788.6,2,0,aaa3,95758.4
2,4,sxa,-101311.4,2,0,a3,95758.4,2,0,aaa3,95758.4
1,5,sssbbv,-224341.2,1,0,a2,59849.0,1,0,cca2,59849.0
1,4,ssxa,-205831.2,0,0,a1,83788.6,1,0,cca2,59849.0
2,4,sxa,-101311.4,1,0,a2,59849.0,1,0,cca2,59849.0
1,4,ssxa,-205831.2,1,0,a2,59849.0,1,0,cca2,59849.0
2,3,djd,-88971.4,1,0,a2,59849.0,1,0,cca2,59849.0
1,1,a1,-242851.2,0,0,a1,83788.6,0,0,aa1,83788.6
1,3,dxjd,-187321.2,1,0,a2,59849.0,1,0,cca2,59849.0
0,1,1a1,-101311.4,0,0,a1,83788.6,2,0,aaa3,95758.4
0,2,1ea1,-101311.4,2,0,a3,95758.4,0,0,aa1,83788.6
2,1,a,-125991.4,1,0,a2,59849.0,1,0,cca2,59849.0
0,0,a1,-101311.4,1,0,a2,59849.0,1,0,cca2,59849.0
0,1,1a1,-101311.4,2,0,a3,95758.4,2,0,aaa3,95758.4
0,3,1eea1,-101311.4,1,0,a2,59849.0,1,0,cca2,59849.0
1,4,ssxa,-205831.2,2,0,a3,95758.4,1,0,cca2,59849.0
2,4,sxa,-101311.4,0,0,a1,83788.6,1,0,cca2,59849.0
0,1,1a1,-101311.4,2,0,a3,95758.4,1,0,cca2,59849.0
0,2,1ea1,-101311.4,1,0,a2,59849.0,1,0,cca2,59849.0
0,1,1a1,-101311.4,0,0,a1,83788.6,1,0,cca2,59849.0
0,2,1ea1,-101311.4,0,0,a1,83788.6,2,0,aaa3,95758.4
2,3,djd,-88971.4,0,0,a1,83788.6,0,0,aa1,83788.6
2,5,ssb,-113651.4,1,0,a2,59849.0,1,0,cca2,59849.0
1,1,a1,-242851.2,1,0,a2,59849.0,1,0,cca2,59849.0
0,3,1eea1,-101311.4,0,0,a1,83788.6,0,0,aa1,83788.6
2,3,djd,-88971.4,1,0,a2,59849.0,1,0,cca2,59849.0
1,5,sssbbv,-224341.2,0,0,a1,83788.6,2,0,aaa3,95758.4
0,2,1ea1,-101311.4,1,0,a2,59849.0,1,0,cca2,59849.0
0,1,1a1,-101311.4,1,0,a2,59849.0,0,0,aa1,83788.6
1,2,v,-261361.2,1,0,a2,59849.0,0,0,aa1,83788.6
0,3,1eea1,-101311.4,1,0,a2,59849.0,0,0,aa1,83788.6
1,5,sssbbv,-224341.2,1,0,a2,59849.0,2,0,aaa3,95758.4
1,2,v,-261361.2,0,0,a1,83788.6,1,0,cca2,59849.0
1,1,a1,-242851.2,1,0,a2,59849.0,1,0,cca2,59849.0
0,3,1eea1,-101311.4,2,0,a3,95758.4,1,0,cca2,59849.0
2,3,djd,-88971.4,0,0,a1,83788.6,0,0,aa1,83788.6
2,3,djd,-88971.4,2,0,a3,95758.4,1,0,cca2,59849.0
2,4,sxa,-101311.4,1,0,a2,59849.0,0,0,aa1,83788.6
0,3,1eea1,-101311.4,2,0,a3,95758.4,1,0,cca2,59849.0
0,2,1ea1,-101311.4,1,0,a2,59849.0,1,0,cca2,59849.0
1,4,ssxa,-205831.2,1,0,a2,59849.0,1,0,cca2,59849.0
0,2,1ea1,-101311.4,1,0,a2,59849.0,0,0,aa1,83788.6
0,2,1ea1,-101311.4,1,0,a2,59849.0,0,0,aa1,83788.6
2,4,sxa,-101311.4,0,0,a1,83788.6,2,0,aaa3,95758.4
1,3,dxjd,-187321.2,2,0,a3,95758.4,2,0,aaa3,95758.4
1,1,a1,-242851.2,1,0,a2,59849.0,1,0,cca2,59849.0
0,3,1eea1,-101311.4,1,0,a2,59849.0,1,0,cca2,59849.0
0,2,1ea1,-101311.4,0,0,a1,83788.6,0,0,aa1,83788.6
2,3,djd,-88971.4,1,0,a2,59849.0,0,0,aa1,83788.6
2,3,djd,-88971.4,0,0,a1,83788.6,2,0,aaa3,95758.4
0,2,1ea1,-101311.4,1,0,a2,59849.0,1,0,cca2,59849.0
0,1,1a1,-101311.4,1,0,a2,59849.0,1,0,cca2,59849.0
0,0,a1,-101311.4,1,0,a2,59849.0,1,0,cca2,59849.0
1,1,a1,-242851.2,1,0,a2,59849.0,0,0,aa1,83788.6
2,4,sxa,-101311.4,1,0,a2,59849.0,1,0,cca2,59849.0
1,1,a1,-242851.2,1,0,a2,59849.0,1,0,cca2,59849.0
1,5,sssbbv,-224341.2,2,0,a3,95758.4,0,0,aa1,83788.6
0,3,1eea1,-101311.4,1,0,a2,59849.0,1,0,cca2,59849.0
0,3,1eea1,-101311.4,2,0,a3,95758.4,2,0,aaa3,95758.4
1,1,a1,-242851.2,0,0,a1,83788.6,1,0,cca2,59849.0
0,3,1eea1,-101311.4,0,0,a1,83788.6,1,0,cca2,59849.0
2,4,sxa,-101311.4,2,0,a3,95758.4,1,0,cca2,59849.0
2,1,a,-125991.4,0,0,a1,83788.6,0,0,aa1,83788.6
2,1,a,-125991.4,0,0,a1,83788.6,0,0,aa1,83788.6
1,1,a1,-242851.2,1,0,a2,59849.0,1,0,cca2,59849.0
2,3,djd,-88971.4,1,0,a2,59849.0,1,0,cca2,59849.0
2,5,ssb,-113651.4,0,0,a1,83788.6,1,0,cca2,59849.0
2,1,a,-125991.4,1,0,a2,59849.0,0,0,aa1,83788.6
1,4,ssxa,-205831.2,1,0,a2,59849.0,1,0,cca2,59849.0
0,2,1ea1,-101311.4,1,0,a2,59849.0,1,0,cca2,59849.0
2,5,ssb,-113651.4,1,0,a2,59849.0,1,0,cca2,59849.0
0,3,1eea1,-101311.4,2,0,a3,95758.4,0,0,aa1,83788.6
1,1,a1,-242851.2,0,0,a1,83788.6,1,0,cca2,59849.0
1,1,a1,-242851.2,1,0,a2,59849.0,0,0,aa1,83788.6
2,3,djd,-88971.4,1,0,a2,59849.0,1,0,cca2,59849.0
0,2,1ea1,-101311.4,0,0,a1,83788.6,0,0,aa1,83788.6
0,2,1ea1,-101311.4,2,0,a3,95758.4,1,0,cca2,59849.0
1,2,v,-261361.2,0,0,a1,83788.6,2,0,aaa3,95758.4
0,1,1a1,-101311.4,2,0,a3,95758.4,2,0,aaa3,95758.4
2,3,djd,-88971.4,0,0,a1,83788.6,1,0,cca2,59849.0
2,5,ssb,-113651.4,1,0,a2,59849.0,0,0,aa1,83788.6
2,3,djd,-88971.4,0,0,a1,83788.6,1,0,cca2,59849.0
2,3,djd,-88971.4,1,0,a2,59849.0,2,0,aaa3,95758.4
1,5,sssbbv,-224341.2,1,0,a2,59849.0,0,0,aa1,83788.6
2,5,ssb,-113651.4,1,0,a2,59849.0,1,0,cca2,59849.0
0,2,1ea1,-101311.4,1,0,a2,59849.0,1,0,cca2,59849.0
1,3,dxjd,-187321.2,1,0,a2,59849.0,2,0,aaa3,95758.4
2,4,sxa,-101311.4,1,0,a2,59849.0,1,0,cca2,59849.0
0,1,1a1,-101311.4,0,0,a1,83788.6,1,0,cca2,59849.0
1,5,sssbbv,-224341.2,0,0,a1,83788.6,0,0,aa1,83788.6
0,1,1a1,-101311.4,2,0,a3,95758.4,0,0,aa1,83788.6
2,4,sxa,-101311.4,1,0,a2,59849.0,2,0,aaa3,95758.4
1,1,a1,-242851.2,0,0,a1,83788.6,2,0,aaa3,95758.4
0,3,1eea1,-101311.4,1,0,a2,59849.0,0,0,aa1,83788.6
1,1,a1,-242851.2,0,0,a1,83788.6,1,0,cca2,59849.0
2,2,v,-138331.4,2,0,a3,95758.4,0,0,aa1,83788.6
0,2,1ea1,-101311.4,1,0,a2,59849.0,1,0,cca2,59849.0
0,0,a1,-101311.4,1,0,a2,59849.0,1,0,cca2,59849.0
0,3,1eea1,-101311.4,2,0,a3,95758.4,2,0,aaa3,95758.4
1,1,a1,-242851.2,1,0,a2,59849.0,1,0,cca2,59849.0
2,4,sxa,-101311.4,0,0,a1,83788.6,1,0,cca2,59849.0
2,4,sxa,-101311.4,0,0,a1,83788.6,1,0,cca2,59849.0
1,1,a1,-242851.2,0,0,a1,83788.6,1,0,cca2,59849.0
0,3,1eea1,-101311.4,1,0,a2,59849.0,0,0,aa1,83788.6
2,2,v,-138331.4,1,0,a2,59849.0,2,0,aaa3,95758.4
1,5,sssbbv,-224341.2,0,0,a1,83788.6,2,0,aaa3,95758.4
1,2,v,-261361.2,0,0,a1,83788.6,2,0,aaa3,95758.4
1,1,a1,-242851.2,2,0,a3,95758.4,1,0,cca2,59849.0
2,5,ssb,-113651.4,1,0,a2,59849.0,1,0,cca2,59849.0
1,5,sssbbv,-224341.2,1,0,a2,59849.0,2,0,aaa3,95758.4
2,5,ssb,-113651.4,1,0,a2,59849.0,2,0,aaa3,95758.4
0,1,1a1,-101311.4,0,0,a1,83788.6,0,0,aa1,83788.6
2,3,djd,-88971.4,0,0,a1,83788.6,1,0,cca2,59849.0
1,3,dxjd,-187321.2,1,0,a2,59849.0,1,0,cca2,59849.0
0,3,1eea1,-101311.4,2,0,a3,95758.4,1,0,cca2,59849.0
1,5,sssbbv,-224341.2,2,0,a3,95758.4,2,0,aaa3,95758.4
1,3,dxjd,-187321.2,1,0,a2,59849.0,1,0,cca2,59849.0
2,3,djd,-88971.4,1,0,a2,59849.0,1,0,cca2,59849.0
2,3,djd,-88971.4,0,0,a1,83788.6,1,0,cca2,59849.0
2,4,sxa,-101311.4,1,0,a2,59849.0,1,0,cca2,59849.0
2,4,sxa,-101311.4,2,0,a3,95758.4,1,0,cca2,59849.0
1,2,v,-261361.2,1,0,a2,59849.0,0,0,aa1,83788.6
1,3,dxjd,-187321.2,1,0,a2,59849.0,1,0,cca2,59849.0
0,3,1eea1,-101311.4,0,0,a1,83788.6,2,0,aaa3,95758.4
2,4,sxa,-101311.4,1,0,a2,59849.0,1,0,cca2,59849.0
1,1,a1,-242851.2,0,0,a1,83788.6,1,0,cca2,59849.0
1,4,ssxa,-205831.2,2,0,a3,95758.4,0,0,aa1,83788.6
2,4,sxa,-101311.4,1,0,a2,59849.0,1,0,cca2,59849.0
2,3,djd,-88971.4,2,0,a3,95758.4,0,0,aa1,83788.6
0,3,1eea1,-101311.4,0,0,a1,83788.6,1,0,cca2,59849.0
2,3,djd,-88971.4,1,0,a2,59849.0,1,0,cca2,59849.0
2,1,a,-125991.4,1,0,a2,59849.0,1,0,cca2,59849.0
1,3,dxjd,-187321.2,1,0,a2,59849.0,1,0,cca2,59849.0
2,5,ssb,-113651.4,1,0,a2,59849.0,0,0,aa1,83788.6
1,2,v,-261361.2,1,0,a2,59849.0,2,0,aaa3,95758.4
0,3,1eea1,-101311.4,1,0,a2,59849.0,2,0,aaa3,95758.4
2,5,ssb,-113651.4,1,0,a2,59849.0,2,0,aaa3,95758.4
2,5,ssb,-113651.4,1,0,a2,59849.0,0,0,aa1,83788.6
0,2,1ea1,-101311.4,1,0,a2,59849.0,1,0,cca2,59849.0
0,0,a1,-101311.4,2,0,a3,95758.4,0,0,aa1,83788.6
0,0,a1,-101311.4,1,0,a2,59849.0,1,0,cca2,59849.0
1,2,v,-261361.2,1,0,a2,59849.0,0,0,aa1,83788.6
2,5,ssb,-113651.4,1,0,a2,59849.0,1,0,cca2,59849.0
1,4,ssxa,-205831.2,2,0,a3,95758.4,1,0,cca2,59849.0
1,3,dxjd,-187321.2,1,0,a2,59849.0,0,0,aa1,83788.6
1,2,v,-261361.2,1,0,a2,59849.0,1,0,cca2,59849.0
0,0,a1,-101311.4,2,0,a3,95758.4,1,0,cca2,59849.0
0,1,1a1,-101311.4,2,0,a3,95758.4,0,0,aa1,83788.6
0,3,1eea1,-101311.4,2,0,a3,95758.4,2,0,aaa3,95758.4
2,3,djd,-88971.4,1,0,a2,59849.0,0,0,aa1,83788.6
2,3,djd,-88971.4,1,0,a2,59849.0,1,0,cca2,59849.0
2,4,sxa,-101311.4,2,0,a3,95758.4,1,0,cca2,59849.0
1,5,sssbbv,-224341.2,0,0,a1,83788.6,1,0,cca2,59849.0
2,5,ssb,-113651.4,0,0,a1,83788.6,1,0,cca2,59849.0
2,1,a,-125991.4,1,0,a2,59849.0,1,0,cca2,59849.0
2,4,sxa,-101311.4,2,0,a3,95758.4,0,0,aa1,83788.6
0,1,1a1,-101311.4,1,0,a2,59849.0,1,0,cca2,59849.0
2,2,v,-138331.4,1,0,a2,59849.0,1,0,cca2,59849.0
1,5,sssbbv,-224341.2,0,0,a1,83788.6,0,0,aa1,83788.6
2,3,djd,-88971.4,2,0,a3,95758.4,2,0,aaa3,95758.4
1,3,dxjd,-187321.2,1,0,a2,59849.0,2,0,aaa3,95758.4
0,1,1a1,-101311.4,0,0,a1,83788.6,1,0,cca2,59849.0
1,4,ssxa,-205831.2,1,0,a2,59849.0,0,0,aa1,83788.6
1,2,v,-261361.2,1,0,a2,59849.0,2,0,aaa3,95758.4
0,0,a1,-101311.4,2,0,a3,95758.4,2,0,aaa3,95758.4
1,4,ssxa,-205831.2,1,0,a2,59849.0,1,0,cca2,59849.0
1,1,a1,-242851.2,1,0,a2,59849.0,2,0,aaa3,95758.4
0,3,1eea1,-101311.4,0,0,a1,83788.6,0,0,aa1,83788.6
1,4,ssxa,-205831.2,1,0,a2,59849.0,1,0,cca2,59849.0
1,4,ssxa,-205831.2,2,0,a3,95758.4,0,0,aa1,83788.6
0,3,1eea1,-101311.4,0,0,a1,83788.6,2,0,aaa3,95758.4
2,3,djd,-88971.4,2,0,a3,95758.4,2,0,aaa3,95758.4
2,4,sxa,-101311.4,1,0,a2,59849.0,0,0,aa1,83788.6
2,5,ssb,-113651.4,0,0,a1,83788.6,2,0,aaa3,95758.4
0,0,a1,-101311.4,0,0,a1,83788.6,1,0,cca2,59849.0
0,0,a1,-101311.4,2,0,a3,95758.4,0,0,aa1,83788.6
0,0,a1,-101311.4,1,0,a2,59849.0,1,0,cca2,59849.0
1,2,v,-261361.2,1,0,a2,59849.0,1,0,cca2,59849.0
1,5,sssbbv,-224341.2,0,0,a1,83788.6,1,0,cca2,59849.0
2,4,sxa,-101311.4,1,0,a2,59849.0,1,0,cca2,59849.0
1,1,a1,-242851.2,2,0,a3,95758.4,0,0,aa1,83788.6
1,2,v,-261361.2,0,0,a1,83788.6,1,0,cca2,59849.0
2,4,sxa,-101311.4,1,0,a2,59849.0,0,0,aa1,83788.6
0,0,a1,-101311.4,2,0,a3,95758.4,2,0,aaa3,95758.4
1,2,v,-261361.2,1,0,a2,59849.0,1,0,cca2,59849.0
0,2,1ea1,-101311.4,1,0,a2,59849.0,1,0,cca2,59849.0
0,1,1a1,-101311.4,0,0,a1,83788.6,1,0,cca2,59849.0
1,4,ssxa,-205831.2,0,0,a1,83788.6,1,0,cca2,59849.0
2,3,djd,-88971.4,0,0,a1,83788.6,2,0,aaa3,95758.4
1,5,sssbbv,-224341.2,0,0,a1,83788.6,1,0,cca2,59849.0
1,5,sssbbv,-224341.2,0,0,a1,83788.6,0,0,aa1,83788.6
2,5,ssb,-113651.4,1,0,a2,59849.0,1,0,cca2,59849.0
0,1,1a1,-101311.4,2,0,a3,95758.4,2,0,aaa3,95758.4
0,1,1a1,-101311.4,1,0,a2,59849.0,1,0,cca2,59849.0
1,2,v,-261361.2,0,0,a1,83788.6,0,0,aa1,83788.6
0,1,1a1,-101311.4,1,0,a2,59849.0,0,0,aa1,83788.6
0,0,a1,-101311.4,1,0,a2,59849.0,1,0,cca2,59849.0
0,0,a1,-101311.4,0,0,a1,83788.6,1,0,cca2,59849.0
1,5,sssbbv,-224341.2,2,0,a3,95758.4,0,0,aa1,83788.6
1,3,dxjd,-187321.2,0,0,a1,83788.6,0,0,aa1,83788.6
0,0,a1,-101311.4,1,0,a2,59849.0,1,0,cca2,59849.0
0,2,1ea1,-101311.4,1,0,a2,59849.0,0,0,aa1,83788.6
1,1,a1,-242851.2,2,0,a3,95758.4,1,0,cca2,59849.0
1,5,sssbbv,-224341.2,1,0,a2,59849.0,1,0,cca2,59849.0
1,3,dxjd,-187321.2,1,0,a2,59849.0,2,0,aaa3,95758.4
1,3,dxjd,-187321.2,2,0,a3,95758.4,0,0,aa1,83788.6
1,2,v,-261361.2,1,0,a2,59849.0,0,0,aa1,83788.6
0,3,1eea1,-101311.4,1,0,a2,59849.0,0,0,aa1,83788.6
0,1,1a1,-101311.4,1,0,a2,59849.0,1,0,cca2,59849.0
1,4,ssxa,-205831.2,1,0,a2,59849.0,2,0,aaa3,95758.4
1,3,dxjd,-187321.2,1,0,a2,59849.0,0,0,aa1,83788.6
1,3,dxjd,-187321.2,1,0,a2,59849.0,1,0,cca2,59849.0
1,4,ssxa,-205831.2,1,0,a2,59849.0,0,0,aa1,83788.6
1,5,sssbbv,-224341.2,1,0,a2,59849.0,1,0,cca2,59849.0
1,3,dxjd,-187321.2,1,0,a2,59849.0,0,0,aa1,83788.6
1,3,dxjd,-187321.2,0,0,a1,83788.6,1,0,cca2,59849.0
2,5,ssb,-113651.4,0,0,a1,83788.6,1,0,cca2,59849.0
0,3,1eea1,-101311.4,1,0,a2,59849.0,1,0,cca2,59849.0
1,1,a1,-242851.2,1,0,a2,59849.0,0,0,aa1,83788.6
1,2,v,-261361.2,1,0,a2,59849.0,1,0,cca2,59849.0
2,4,sxa,-101311.4,0,0,a1,83788.6,0,0,aa1,83788.6
0,2,1ea1,-101311.4,0,0,a1,83788.6,0,0,aa1,83788.6
2,3,djd,-88971.4,1,0,a2,59849.0,2,0,aaa3,95758.4
0,3,1eea1,-101311.4,2,0,a3,95758.4,0,0,aa1,83788.6
0,3,1eea1,-101311.4,1,0,a2,59849.0,1,0,cca2,59849.0
0,2,1ea1,-101311.4,0,0,a1,83788.6,0,0,aa1,83788.6
1,3,dxjd,-187321.2,0,0,a1,83788.6,2,0,aaa3,95758.4
0,0,a1,-101311.4,2,0,a3,95758.4,1,0,cca2,59849.0
0,1,1a1,-101311.4,0,0,a1,83788.6,1,0,cca2,59849.0
1,1,a1,-242851.2,1,0,a2,59849.0,2,0,aaa3,95758.4
1,4,ssxa,-205831.2,1,0,a2,59849.0,1,0,cca2,59849.0
1,5,sssbbv,-224341.2,0,0,a1,83788.6,2,0,aaa3,95758.4
0,2,1ea1,-101311.4,2,0,a3,95758.4,0,0,aa1,83788.6
1,3,dxjd,-187321.2,1,0,a2,59849.0,2,0,aaa3,95758.4
0,0,a1,-101311.4,1,0,a2,59849.0,2,0,aaa3,95758.4
1,5,sssbbv,-224341.2,2,0,a3,95758.4,1,0,cca2,59849.0
2,5,ssb,-113651.4,0,0,a1,83788.6,0,0,aa1,83788.6
2,5,ssb,-113651.4,0,0,a1,83788.6,1,0,cca2,59849.0
1,3,dxjd,-187321.2,0,0,a1,83788.6,1,0,cca2,59849.0
2,3,djd,-88971.4,1,0,a2,59849.0,1,0,cca2,59849.0
2,1,a,-125991.4,0,0,a1,83788.6,0,0,aa1,83788.6
1,3,dxjd,-187321.2,0,0,a1,83788.6,0,0,aa1,83788.6
1,3,dxjd,-187321.2,0,0,a1,83788.6,1,0,cca2,59849.0
0,2,1ea1,-101311.4,1,0,a2,59849.0,2,0,aaa3,95758.4
0,1,1a1,-101311.4,2,0,a3,95758.4,0,0,aa1,83788.6
1,2,v,-261361.2,1,0,a2,59849.0,2,0,aaa3,95758.4
1,1,a1,-242851.2,1,0,a2,59849.0,2,0,aaa3,95758.4
0,0,a1,-101311.4,2,0,a3,95758.4,0,0,aa1,83788.6
1,1,a1,-242851.2,1,0,a2,59849.0,1,0,cca2,59849.0
0,0,a1,-101311.4,1,0,a2,59849.0,1,0,cca2,59849.0
0,2,1ea1,-101311.4,2,0,a3,95758.4,0,0,aa1,83788.6
1,5,sssbbv,-224341.2,0,0,a1,83788.6,1,0,cca2,59849.0
1,4,ssxa,-205831.2,1,0,a2,59849.0,2,0,aaa3,95758.4
0,2,1ea1,-101311.4,1,0,a2,59849.0,0,0,aa1,83788.6
1,4,ssxa,-205831.2,1,0,a2,59849.0,2,0,aaa3,95758.4
1,1,a1,-242851.2,1,0,a2,59849.0,1,0,cca2,59849.0
1,3,dxjd,-187321.2,1,0,a2,59849.0,2,0,aaa3,95758.4
1,3,dxjd,-187321.2,0,0,a1,83788.6,2,0,aaa3,95758.4
1,4,ssxa,-205831.2,0,0,a1,83788.6,0,0,aa1,83788.6
0,2,1ea1,-101311.4,0,0,a1,83788.6,2,0,aaa3,95758.4
0,0,a1,-101311.4,1,0,a2,59849.0,0,0,aa1,83788.6
2,1,a,-125991.4,0,0,a1,83788.6,0,0,aa1,83788.6
0,0,a1,-101311.4,1,0,a2,59849.0,1,0,cca2,59849.0
2,3,djd,-88971.4,1,0,a2,59849.0,1,0,cca2,59849.0
0,1,1a1,-101311.4,0,0,a1,83788.6,1,0,cca2,59849.0
0,0,a1,-101311.4,0,0,a1,83788.6,1,0,cca2,59849.0
2,2,v,-138331.4,0,0,a1,83788.6,1,0,cca2,59849.0
2,4,sxa,-101311.4,0,0,a1,83788.6,2,0,aaa3,95758.4
0,3,1eea1,-101311.4,1,0,a2,59849.0,2,0,aaa3,95758.4
1,3,dxjd,-187321.2,0,0,a1,83788.6,1,0,cca2,59849.0
1,3,dxjd,-187321.2,2,0,a3,95758.4,1,0,cca2,59849.0
2,3,djd,-88971.4,1,0,a2,59849.0,0,0,aa1,83788.6
1,2,v,-261361.2,1,0,a2,59849.0,0,0,aa1,83788.6
0,3,1eea1,-101311.4,1,0,a2,59849.0,2,0,aaa3,95758.4
1,2,v,-261361.2,1,0,a2,59849.0,2,0,aaa3,95758.4
1,5,sssbbv,-224341.2,1,0,a2,59849.0,1,0,cca2,59849.0
0,1,1a1,-101311.4,0,0,a1,83788.6,1,0,cca2,59849.0
0,2,1ea1,-101311.4,0,0,a1,83788.6,1,0,cca2,59849.0
0,1,1a1,-101311.4,1,0,a2,59849.0,2,0,aaa3,95758.4
1,5,sssbbv,-224341.2,0,0,a1,83788.6,1,0,cca2,59849.0
2,1,a,-125991.4,0,0,a1,83788.6,2,0,aaa3,95758.4
2,2,v,-138331.4,1,0,a2,59849.0,0,0,aa1,83788.6
0,2,1ea1,-101311.4,2,0,a3,95758.4,2,0,aaa3,95758.4
1,4,ssxa,-205831.2,0,0,a1,83788.6,1,0,cca2,59849.0
1,3,dxjd,-187321.2,0,0,a1,83788.6,1,0,cca2,59849.0
0,1,1a1,-101311.4,2,0,a3,95758.4,2,0,aaa3,95758.4
0,0,a1,-101311.4,1,0,a2,59849.0,2,0,aaa3,95758.4
0,3,1eea1,-101311.4,2,0,a3,95758.4,2,0,aaa3,95758.4
0,1,1a1,-101311.4,1,0,a2,59849.0,1,0,cca2,59849.0
1,3,dxjd,-187321.2,1,0,a2,59849.0,1,0,cca2,59849.0
0,0,a1,-101311.4,2,0,a3,95758.4,0,0,aa1,83788.6
2,5,ssb,-113651.4,1,0,a2,59849.0,2,0,aaa3,95758.4
1,4,ssxa,-205831.2,1,0,a2,59849.0,1,0,cca2,59849.0
2,2,v,-138331.4,2,0,a3,95758.4,2,0,aaa3,95758.4
0,0,a1,-101311.4,1,0,a2,59849.0,0,0,aa1,83788.6
1,4,ssxa,-205831.2,0,0,a1,83788.6,0,0,aa1,83788.6
2,3,djd,-88971.4,1,0,a2,59849.0,0,0,aa1,83788.6
1,2,v,-261361.2,2,0,a3,95758.4,0,0,aa1,83788.6
0,0,a1,-101311.4,0,0,a1,83788.6,1,0,cca2,59849.0
0,0,a1,-101311.4,1,0,a2,59849.0,1,0,cca2,59849.0
0,2,1ea1,-101311.4,1,0,a2,59849.0,1,0,cca2,59849.0
1,2,v,-261361.2,0,0,a1,83788.6,1,0,cca2,59849.0
0,3,1eea1,-101311.4,0,0,a1,83788.6,1,0,cca2,59849.0
1,5,sssbbv,-224341.2,1,0,a2,59849.0,1,0,cca2,59849.0
0,0,a1,-101311.4,1,0,a2,59849.0,1,0,cca2,59849.0
2,2,v,-138331.4,1,0,a2,59849.0,0,0,aa1,83788.6
2,3,djd,-88971.4,1,0,a2,59849.0,1,0,cca2,59849.0
0,3,1eea1,-101311.4,1,0,a2,59849.0,1,0,cca2,59849.0
1,3,dxjd,-187321.2,2,0,a3,95758.4,1,0,cca2,59849.0
0,2,1ea1,-101311.4,2,0,a3,95758.4,1,0,cca2,59849.0
1,5,sssbbv,-224341.2,2,0,a3,95758.4,2,0,aaa3,95758.4
1,3,dxjd,-187321.2,2,0,a3,95758.4,0,0,aa1,83788.6
0,3,1eea1,-101311.4,0,0,a1,83788.6,0,0,aa1,83788.6
1,3,dxjd,-187321.2,0,0,a1,83788.6,1,0,cca2,59849.0
1,4,ssxa,-205831.2,0,0,a1,83788.6,0,0,aa1,83788.6
2,3,djd,-88971.4,0,0,a1,83788.6,1,0,cca2,59849.0
0,0,a1,-101311.4,0,0,a1,83788.6,1,0,cca2,59849.0
1,4,ssxa,-205831.2,1,0,a2,59849.0,2,0,aaa3,95758.4
2,4,sxa,-101311.4,0,0,a1,83788.6,2,0,aaa3,95758.4
1,5,sssbbv,-224341.2,0,0,a1,83788.6,0,0,aa1,83788.6
2,2,v,-138331.4,1,0,a2,59849.0,2,0,aaa3,95758.4
1,3,dxjd,-187321.2,0,0,a1,83788.6,1,0,cca2,59849.0
1,5,sssbbv,-224341.2,1,0,a2,59849.0,1,0,cca2,59849.0
2,3,djd,-88971.4,0,0,a1,83788.6,1,0,cca2,59849.0
0,3,1eea1,-101311.4,0,0,a1,83788.6,0,0,aa1,83788.6
2,2,v,-138331.4,2,0,a3,95758.4,1,0,cca2,59849.0
2,5,ssb,-113651.4,0,0,a1,83788.6,0,0,aa1,83788.6
0,3,1eea1,-101311.4,0,0,a1,83788.6,2,0,aaa3,95758.4
1,5,sssbbv,-224341.2,1,0,a2,59849.0,0,0,aa1,83788.6
1,3,dxjd,-187321.2,1,0,a2,59849.0,2,0,aaa3,95758.4
1,4,ssxa,-205831.2,1,0,a2,59849.0,1,0,cca2,59849.0
2,5,ssb,-113651.4,1,0,a2,59849.0,1,0,cca2,59849.0
1,3,dxjd,-187321.2,1,0,a2,59849.0,2,0,aaa3,95758.4
0,0,a1,-101311.4,1,0,a2,59849.0,0,0,aa1,83788.6
1,5,sssbbv,-224341.2,1,0,a2,59849.0,2,0,aaa3,95758.4
0,3,1eea1,-101311.4,0,0,a1,83788.6,1,0,cca2,59849.0
2,5,ssb,-113651.4,0,0,a1,83788.6,1,0,cca2,59849.0
1,4,ssxa,-205831.2,2,0,a3,95758.4,1,0,cca2,59849.0
1,3,dxjd,-187321.2,0,0,a1,83788.6,1,0,cca2,59849.0
0,2,1ea1,-101311.4,1,0,a2,59849.0,0,0,aa1,83788.6
1,3,dxjd,-187321.2,1,0,a2,59849.0,0,0,aa1,83788.6
1,4,ssxa,-205831.2,2,0,a3,95758.4,1,0,cca2,59849.0
1,1,a1,-242851.2,0,0,a1,83788.6,0,0,aa1,83788.6
2,3,djd,-88971.4,0,0,a1,83788.6,0,0,aa1,83788.6
1,1,a1,-242851.2,1,0,a2,59849.0,0,0,aa1,83788.6
0,1,1a1,-101311.4,2,0,a3,95758.4,2,0,aaa3,95758.4
1,3,dxjd,-187321.2,1,0,a2,59849.0,0,0,aa1,83788.6
0,2,1ea1,-101311.4,1,0,a2,59849.0,1,0,cca2,59849.0
2,5,ssb,-113651.4,2,0,a3,95758.4,2,0,aaa3,95758.4
1,3,dxjd,-187321.2,2,0,a3,95758.4,1,0,cca2,59849.0
0,3,1eea1,-101311.4,1,0,a2,59849.0,0,0,aa1,83788.6
1,5,sssbbv,-224341.2,1,0,a2,59849.0,1,0,cca2,59849.0
0,2,1ea1,-101311.4,2,0,a3,95758.4,1,0,cca2,59849.0
1,5,sssbbv,-224341.2,0,0,a1,83788.6,0,0,aa1,83788.6
1,5,sssbbv,-224341.2,2,0,a3,95758.4,0,0,aa1,83788.6
2,3,djd,-88971.4,1,0,a2,59849.0,2,0,aaa3,95758.4
1,3,dxjd,-187321.2,0,0,a1,83788.6,1,0,cca2,59849.0
1,3,dxjd,-187321.2,1,0,a2,59849.0,1,0,cca2,59849.0
0,1,1a1,-101311.4,1,0,a2,59849.0,1,0,cca2,59849.0
1,4,ssxa,-205831.2,0,0,a1,83788.6,0,0,aa1,83788.6
1,3,dxjd,-187321.2,1,0,a2,59849.0,1,0,cca2,59849.0
2,4,sxa,-101311.4,1,0,a2,59849.0,1,0,cca2,59849.0
2,4,sxa,-101311.4,1,0,a2,59849.0,1,0,cca2,59849.0
0,2,1ea1,-101311.4,2,0,a3,95758.4,0,0,aa1,83788.6
1,1,a1,-242851.2,2,0,a3,95758.4,1,0,cca2,59849.0
2,3,djd,-88971.4,1,0,a2,59849.0,0,0,aa1,83788.6
2,3,djd,-88971.4,1,0,a2,59849.0,1,0,cca2,59849.0
1,4,ssxa,-205831.2,1,0,a2,59849.0,1,0,cca2,59849.0
2,5,ssb,-113651.4,2,0,a3,95758.4,0,0,aa1,83788.6
0,2,1ea1,-101311.4,1,0,a2,59849.0,2,0,aaa3,95758.4
0,0,a1,-101311.4,2,0,a3,95758.4,2,0,aaa3,95758.4
1,1,a1,-242851.2,1,0,a2,59849.0,2,0,aaa3,95758.4
1,3,dxjd,-187321.2,0,0,a1,83788.6,0,0,aa1,83788.6
0,1,1a1,-101311.4,2,0,a3,95758.4,2,0,aaa3,95758.4
0,1,1a1,-101311.4,0,0,a1,83788.6,0,0,aa1,83788.6
0,2,1ea1,-101311.4,0,0,a1,83788.6,1,0,cca2,59849.0
1,4,ssxa,-205831.2,1,0,a2,59849.0,2,0,aaa3,95758.4
0,1,1a1,-101311.4,1,0,a2,59849.0,1,0,cca2,59849.0
2,3,djd,-88971.4,1,0,a2,59849.0,1,0,cca2,59849.0
1,3,dxjd,-187321.2,1,0,a2,59849.0,2,0,aaa3,95758.4
1,2,v,-261361.2,1,0,a2,59849.0,1,0,cca2,59849.0
1,3,dxjd,-187321.2,0,0,a1,83788.6,1,0,cca2,59849.0
1,4,ssxa,-205831.2,0,0,a1,83788.6,1,0,cca2,59849.0
1,4,ssxa,-205831.2,1,0,a2,59849.0,0,0,aa1,83788.6
1,5,sssbbv,-224341.2,2,0,a3,95758.4,0,0,aa1,83788.6
0,1,1a1,-101311.4,1,0,a2,59849.0,1,0,cca2,59849.0
2,4,sxa,-101311.4,2,0,a3,95758.4,1,0,cca2,59849.0
2,3,djd,-88971.4,1,0,a2,59849.0,1,0,cca2,59849.0
0,3,1eea1,-101311.4,0,0,a1,83788.6,2,0,aaa3,95758.4
0,2,1ea1,-101311.4,0,0,a1,83788.6,1,0,cca2,59849.0
2,4,sxa,-101311.4,1,0,a2,59849.0,2,0,aaa3,95758.4
0,2,1ea1,-101311.4,1,0,a2,59849.0,0,0,aa1,83788.6
2,5,ssb,-113651.4,1,0,a2,59849.0,1,0,cca2,59849.0
1,5,sssbbv,-224341.2,0,0,a1,83788.6,1,0,cca2,59849.0
2,1,a,-125991.4,2,0,a3,95758.4,0,0,aa1,83788.6
1,4,ssxa,-205831.2,1,0,a2,59849.0,0,0,aa1,83788.6
0,0,a1,-101311.4,1,0,a2,59849.0,1,0,cca2,59849.0
1,4,ssxa,-205831.2,1,0,a2,59849.0,1,0,cca2,59849.0
2,3,djd,-88971.4,0,0,a1,83788.6,1,0,cca2,59849.0
0,0,a1,-101311.4,0,0,a1,83788.6,1,0,cca2,59849.0
0,3,1eea1,-101311.4,1,0,a2,59849.0,1,0,cca2,59849.0
1,5,sssbbv,-224341.2,0,0,a1,83788.6,1,0,cca2,59849.0
2,5,ssb,-113651.4,1,0,a2,59849.0,0,0,aa1,83788.6
1,4,ssxa,-205831.2,1,0,a2,59849.0,2,0,aaa3,95758.4
2,3,djd,-88971.4,1,0,a2,59849.0,0,0,aa1,83788.6
1,4,ssxa,-205831.2,1,0,a2,59849.0,0,0,aa1,83788.6
2,1,a,-125991.4,1,0,a2,59849.0,1,0,cca2,59849.0
1,5,sssbbv,-224341.2,0,0,a1,83788.6,1,0,cca2,59849.0
0,2,1ea1,-101311.4,2,0,a3,95758.4,0,0,aa1,83788.6
2,4,sxa,-101311.4,2,0,a3,95758.4,1,0,cca2,59849.0
0,1,1a1,-101311.4,2,0,a3,95758.4,0,0,aa1,83788.6
2,5,ssb,-113651.4,0,0,a1,83788.6,1,0,cca2,59849.0
0,3,1eea1,-101311.4,2,0,a3,95758.4,1,0,cca2,59849.0
2,2,v,-138331.4,0,0,a1,83788.6,1,0,cca2,59849.0
0,3,1eea1,-101311.4,1,0,a2,59849.0,0,0,aa1,83788.6
2,4,sxa,-101311.4,2,0,a3,95758.4,0,0,aa1,83788.6
0,3,1eea1,-101311.4,0,0,a1,83788.6,1,0,cca2,59849.0
1,3,dxjd,-187321.2,1,0,a2,59849.0,1,0,cca2,59849.0
0,3,1eea1,-101311.4,2,0,a3,95758.4,2,0,aaa3,95758.4
1,4,ssxa,-205831.2,2,0,a3,95758.4,2,0,aaa3,95758.4
0,0,a1,-101311.4,0,0,a1,83788.6,2,0,aaa3,95758.4
0,3,1eea1,-101311.4,2,0,a3,95758.4,1,0,cca2,59849.0
0,1,1a1,-101311.4,0,0,a1,83788.6,0,0,aa1,83788.6
1,2,v,-261361.2,2,0,a3,95758.4,1,0,cca2,59849.0
1,2,v,-261361.2,0,0,a1,83788.6,0,0,aa1,83788.6
1,5,sssbbv,-224341.2,0,0,a1,83788.6,1,0,cca2,59849.0
0,0,a1,-101311.4,1,0,a2,59849.0,0,0,aa1,83788.6
0,0,a1,-101311.4,0,0,a1,83788.6,2,0,aaa3,95758.4
2,3,djd,-88971.4,0,0,a1,83788.6,0,0,aa1,83788.6
0,3,1eea1,-101311.4,1,0,a2,59849.0,0,0,aa1,83788.6
1,3,dxjd,-187321.2,0,0,a1,83788.6,0,0,aa1,83788.6
1,1,a1,-242851.2,1,0,a2,59849.0,1,0,cca2,59849.0
2,4,sxa,-101311.4,1,0,a2,59849.0,1,0,cca2,59849.0
2,4,sxa,-101311.4,0,0,a1,83788.6,1,0,cca2,59849.0
1,2,v,-261361.2,1,0,a2,59849.0,1,0,cca2,59849.0
1,4,ssxa,-205831.2,1,0,a2,59849.0,0,0,aa1,83788.6
0,0,a1,-101311.4,2,0,a3,95758.4,2,0,aaa3,95758.4
2,4,sxa,-101311.4,0,0,a1,83788.6,0,0,aa1,83788.6
1,2,v,-261361.2,0,0,a1,83788.6,0,0,aa1,83788.6
1,5,sssbbv,-224341.2,1,0,a2,59849.0,1,0,cca2,59849.0
2,4,sxa,-101311.4,0,0,a1,83788.6,2,0,aaa3,95758.4
0,0,a1,-101311.4,0,0,a1,83788.6,1,0,cca2,59849.0
0,1,1a1,-101311.4,1,0,a2,59849.0,0,0,aa1,83788.6
0,3,1eea1,-101311.4,2,0,a3,95758.4,0,0,aa1,83788.6
2,4,sxa,-101311.4,2,0,a3,95758.4,1,0,cca2,59849.0
0,0,a1,-101311.4,1,0,a2,59849.0,2,0,aaa3,95758.4
2,2,v,-138331.4,2,0,a3,95758.4,1,0,cca2,59849.0
0,3,1eea1,-101311.4,0,0,a1,83788.6,1,0,cca2,59849.0
2,5,ssb,-113651.4,2,0,a3,95758.4,1,0,cca2,59849.0
2,2,v,-138331.4,1,0,a2,59849.0,1,0,cca2,59849.0
2,2,v,-138331.4,0,0,a1,83788.6,1,0,cca2,59849.0
0,1,1a1,-101311.4,1,0,a2,59849.0,2,0,aaa3,95758.4
0,0,a1,-101311.4,1,0,a2,59849.0,0,0,aa1,83788.6
1,3,dxjd,-187321.2,1,0,a2,59849.0,1,0,cca2,59849.0
1,3,dxjd,-187321.2,1,0,a2,59849.0,1,0,cca2,59849.0
2,5,ssb,-113651.4,0,0,a1,83788.6,1,0,cca2,59849.0
2,4,sxa,-101311.4,2,0,a3,95758.4,0,0,aa1,83788.6
0,0,a1,-101311.4,2,0,a3,95758.4,1,0,cca2,59849.0
1,4,ssxa,-205831.2,1,0,a2,59849.0,2,0,aaa3,95758.4
2,1,a,-125991.4,1,0,a2,59849.0,0,0,aa1,83788.6
1,5,sssbbv,-224341.2,1,0,a2,59849.0,1,0,cca2,59849.0
2,3,djd,-88971.4,0,0,a1,83788.6,1,0,cca2,59849.0
0,0,a1,-101311.4,0,0,a1,83788.6,1,0,cca2,59849.0
1,1,a1,-242851.2,0,0,a1,83788.6,2,0,aaa3,95758.4
0,3,1eea1,-101311.4,2,0,a3,95758.4,1,0,cca2,59849.0
0,3,1eea1,-101311.4,0,0,a1,83788.6,0,0,aa1,83788.6
0,1,1a1,-101311.4,1,0,a2,59849.0,1,0,cca2,59849.0
1,4,ssxa,-205831.2,2,0,a3,95758.4,2,0,aaa3,95758.4
2,3,djd,-88971.4,0,0,a1,83788.6,0,0,aa1,83788.6
1,4,ssxa,-205831.2,0,0,a1,83788.6,1,0,cca2,59849.0
1,4,ssxa,-205831.2,1,0,a2,59849.0,0,0,aa1,83788.6
0,3,1eea1,-101311.4,1,0,a2,59849.0,0,0,aa1,83788.6
0,1,1a1,-101311.4,0,0,a1,83788.6,1,0,cca2,59849.0
2,3,djd,-88971.4,1,0,a2,59849.0,1,0,cca2,59849.0
0,0,a1,-101311.4,0,0,a1,83788.6,1,0,cca2,59849.0
2,1,a,-125991.4,1,0,a2,59849.0,1,0,cca2,59849.0
0,0,a1,-101311.4,1,0,a2,59849.0,0,0,aa1,83788.6
2,4,sxa,-101311.4,0,0,a1,83788.6,0,0,aa1,83788.6
1,4,ssxa,-205831.2,0,0,a1,83788.6,1,0,cca2,59849.0
2,4,sxa,-101311.4,0,0,a1,83788.6,1,0,cca2,59849.0
2,4,sxa,-101311.4,2,0,a3,95758.4,0,0,aa1,83788.6
0,1,1a1,-101311.4,0,0,a1,83788.6,2,0,aaa3,95758.4
1,4,ssxa,-205831.2,0,0,a1,83788.6,1,0,cca2,59849.0
1,3,dxjd,-187321.2,0,0,a1,83788.6,1,0,cca2,59849.0
1,5,sssbbv,-224341.2,2,0,a3,95758.4,1,0,cca2,59849.0
1,3,dxjd,-187321.2,0,0,a1,83788.6,1,0,cca2,59849.0
0,0,a1,-101311.4,0,0,a1,83788.6,0,0,aa1,83788.6
1,4,ssxa,-205831.2,1,0,a2,59849.0,2,0,aaa3,95758.4
2,3,djd,-88971.4,0,0,a1,83788.6,2,0,aaa3,95758.4
1,4,ssxa,-205831.2,1,0,a2,59849.0,1,0,cca2,59849.0
2,2,v,-138331.4,0,0,a1,83788.6,1,0,cca2,59849.0
2,2,v,-138331.4,2,0,a3,95758.4,2,0,aaa3,95758.4
1,4,ssxa,-205831.2,1,0,a2,59849.0,1,0,cca2,59849.0
0,2,1ea1,-101311.4,0,0,a1,83788.6,2,0,aaa3,95758.4
0,1,1a1,-101311.4,0,0,a1,83788.6,2,0,aaa3,95758.4
1,4,ssxa,-205831.2,1,0,a2,59849.0,1,0,cca2,59849.0
0,2,1ea1,-101311.4,0,0,a1,83788.6,1,0,cca2,59849.0
1,4,ssxa,-205831.2,1,0,a2,59849.0,1,0,cca2,59849.0
1,5,sssbbv,-224341.2,2,0,a3,95758.4,1,0,cca2,59849.0
0,2,1ea1,-101311.4,1,0,a2,59849.0,0,0,aa1,83788.6
1,3,dxjd,-187321.2,2,0,a3,95758.4,1,0,cca2,59849.0
1,1,a1,-242851.2,2,0,a3,95758.4,0,0,aa1,83788.6
0,1,1a1,-101311.4,1,0,a2,59849.0,2,0,aaa3,95758.4
1,1,a1,-242851.2,0,0,a1,83788.6,1,0,cca2,59849.0
1,1,a1,-242851.2,1,0,a2,59849.0,1,0,cca2,59849.0
1,3,dxjd,-187321.2,1,0,a2,59849.0,1,0,cca2,59849.0
1,4,ssxa,-205831.2,1,0,a2,59849.0,0,0,aa1,83788.6
0,1,1a1,-101311.4,1,0,a2,59849.0,2,0,aaa3,95758.4
2,3,djd,-88971.4,0,0,a1,83788.6,1,0,cca2,59849.0
2,5,ssb,-113651.4,1,0,a2,59849.0,0,0,aa1,83788.6
0,0,a1,-101311.4,1,0,a2,59849.0,2,0,aaa3,95758.4
0,2,1ea1,-101311.4,2,0,a3,95758.4,2,0,aaa3,95758.4
0,3,1eea1,-101311.4,0,0,a1,83788.6,1,0,cca2,59849.0
1,3,dxjd,-187321.2,0,0,a1,83788.6,2,0,aaa3,95758.4
1,5,sssbbv,-224341.2,1,0,a2,59849.0,0,0,aa1,83788.6
1,4,ssxa,-205831.2,1,0,a2,59849.0,1,0,cca2,59849.0
2,5,ssb,-113651.4,2,0,a3,95758.4,2,0,aaa3,95758.4
1,3,dxjd,-187321.2,2,0,a3,95758.4,2,0,aaa3,95758.4
1,1,a1,-242851.2,0,0,a1,83788.6,1,0,cca2,59849.0
1,4,ssxa,-205831.2,1,0,a2,59849.0,0,0,aa1,83788.6
2,4,sxa,-101311.4,1,0,a2,59849.0,1,0,cca2,59849.0
1,1,a1,-242851.2,2,0,a3,95758.4,2,0,aaa3,95758.4
1,4,ssxa,-205831.2,0,0,a1,83788.6,0,0,aa1,83788.6
1,4,ssxa,-205831.2,0,0,a1,83788.6,1,0,cca2,59849.0
0,2,1ea1,-101311.4,2,0,a3,95758.4,1,0,cca2,59849.0
0,1,1a1,-101311.4,2,0,a3,95758.4,1,0,cca2,59849.0
1,3,dxjd,-187321.2,2,0,a3,95758.4,0,0,aa1,83788.6
0,3,1eea1,-101311.4,1,0,a2,59849.0,1,0,cca2,59849.0
1,5,sssbbv,-224341.2,0,0,a1,83788.6,1,0,cca2,59849.0
2,2,v,-138331.4,1,0,a2,59849.0,0,0,aa1,83788.6
2,4,sxa,-101311.4,2,0,a3,95758.4,1,0,cca2,59849.0
1,4,ssxa,-205831.2,0,0,a1,83788.6,2,0,aaa3,95758.4
2,1,a,-125991.4,0,0,a1,83788.6,2,0,aaa3,95758.4
1,4,ssxa,-205831.2,1,0,a2,59849.0,1,0,cca2,59849.0
2,3,djd,-88971.4,0,0,a1,83788.6,1,0,cca2,59849.0
1,3,dxjd,-187321.2,1,0,a2,59849.0,1,0,cca2,59849.0
2,4,sxa,-101311.4,2,0,a3,95758.4,0,0,aa1,83788.6
1,1,a1,-242851.2,1,0,a2,59849.0,0,0,aa1,83788.6
0,1,1a1,-101311.4,1,0,a2,59849.0,1,0,cca2,59849.0
2,3,djd,-88971.4,0,0,a1,83788.6,1,0,cca2,59849.0
0,0,a1,-101311.4,1,0,a2,59849.0,1,0,cca2,59849.0
0,0,a1,-101311.4,2,0,a3,95758.4,1,0,cca2,59849.0
1,4,ssxa,-205831.2,1,0,a2,59849.0,0,0,aa1,83788.6
2,1,a,-125991.4,1,0,a2,59849.0,0,0,aa1,83788.6
0,1,1a1,-101311.4,0,0,a1,83788.6,2,0,aaa3,95758.4
1,4,ssxa,-205831.2,0,0,a1,83788.6,0,0,aa1,83788.6
2,2,v,-138331.4,1,0,a2,59849.0,1,0,cca2,59849.0
0,2,1ea1,-101311.4,0,0,a1,83788.6,1,0,cca2,59849.0
1,4,ssxa,-205831.2,1,0,a2,59849.0,0,0,aa1,83788.6
2,2,v,-138331.4,2,0,a3,95758.4,0,0,aa1,83788.6
1,4,ssxa,-205831.2,1,0,a2,59849.0,0,0,aa1,83788.6
2,1,a,-125991.4,2,0,a3,95758.4,1,0,cca2,59849.0
2,4,sxa,-101311.4,2,0,a3,95758.4,1,0,cca2,59849.0
0,2,1ea1,-101311.4,1,0,a2,59849.0,1,0,cca2,59849.0
0,1,1a1,-101311.4,1,0,a2,59849.0,0,0,aa1,83788.6
2,1,a,-125991.4,1,0,a2,59849.0,1,0,cca2,59849.0
1,4,ssxa,-205831.2,2,0,a3,95758.4,1,0,cca2,59849.0
2,4,sxa,-101311.4,1,0,a2,59849.0,0,0,aa1,83788.6
0,2,1ea1,-101311.4,1,0,a2,59849.0,1,0,cca2,59849.0
2,1,a,-125991.4,1,0,a2,59849.0,2,0,aaa3,95758.4
2,4,sxa,-101311.4,2,0,a3,95758.4,1,0,cca2,59849.0
1,3,dxjd,-187321.2,1,0,a2,59849.0,2,0,aaa3,95758.4
1,3,dxjd,-187321.2,1,0,a2,59849.0,2,0,aaa3,95758.4
2,3,djd,-88971.4,2,0,a3,95758.4,0,0,aa1,83788.6
2,1,a,-125991.4,1,0,a2,59849.0,0,0,aa1,83788.6
0,3,1eea1,-101311.4,0,0,a1,83788.6,0,0,aa1,83788.6
2,5,ssb,-113651.4,1,0,a2,59849.0,1,0,cca2,59849.0
2,3,djd,-88971.4,0,0,a1,83788.6,0,0,aa1,83788.6
2,4,sxa,-101311.4,1,0,a2,59849.0,1,0,cca2,59849.0
1,4,ssxa,-205831.2,1,0,a2,59849.0,1,0,cca2,59849.0
2,5,ssb,-113651.4,1,0,a2,59849.0,0,0,aa1,83788.6
1,5,sssbbv,-224341.2,2,0,a3,95758.4,1,0,cca2,59849.0
1,3,dxjd,-187321.2,0,0,a1,83788.6,0,0,aa1,83788.6
1,4,ssxa,-205831.2,0,0,a1,83788.6,1,0,cca2,59849.0
0,2,1ea1,-101311.4,0,0,a1,83788.6,0,0,aa1,83788.6
1,1,a1,-242851.2,0,0,a1,83788.6,1,0,cca2,59849.0
2,1,a,-125991.4,1,0,a2,59849.0,2,0,aaa3,95758.4
0,2,1ea1,-101311.4,1,0,a2,59849.0,1,0,cca2,59849.0
2,2,v,-138331.4,1,0,a2,59849.0,0,0,aa1,83788.6
1,1,a1,-242851.2,1,0,a2,59849.0,2,0,aaa3,95758.4
2,1,a,-125991.4,2,0,a3,95758.4,0,0,aa1,83788.6
1,5,sssbbv,-224341.2,1,0,a2,59849.0,1,0,cca2,59849.0
2,4,sxa,-101311.4,1,0,a2,59849.0,1,0,cca2,59849.0
2,4,sxa,-101311.4,1,0,a2,59849.0,2,0,aaa3,95758.4
0,0,a1,-101311.4,0,0,a1,83788.6,1,0,cca2,59849.0
1,2,v,-261361.2,2,0,a3,95758.4,0,0,aa1,83788.6
2,5,ssb,-113651.4,1,0,a2,59849.0,1,0,cca2,59849.0
2,3,djd,-88971.4,0,0,a1,83788.6,1,0,cca2,59849.0
0,0,a1,-101311.4,1,0,a2,59849.0,1,0,cca2,59849.0
1,4,ssxa,-205831.2,0,0,a1,83788.6,0,0,aa1,83788.6
1,5,sssbbv,-224341.2,1,0,a2,59849.0,1,0,cca2,59849.0
0,2,1ea1,-101311.4,1,0,a2,59849.0,2,0,aaa3,95758.4
2,1,a,-125991.4,0,0,a1,83788.6,0,0,aa1,83788.6
0,2,1ea1,-101311.4,0,0,a1,83788.6,1,0,cca2,59849.0
0,3,1eea1,-101311.4,2,0,a3,95758.4,2,0,aaa3,95758.4
2,2,v,-138331.4,1,0,a2,59849.0,0,0,aa1,83788.6
0,2,1ea1,-101311.4,1,0,a2,59849.0,1,0,cca2,59849.0
1,5,sssbbv,-224341.2,0,0,a1,83788.6,0,0,aa1,83788.6
0,1,1a1,-101311.4,2,0,a3,95758.4,0,0,aa1,83788.6
1,3,dxjd,-187321.2,0,0,a1,83788.6,1,0,cca2,59849.0
0,1,1a1,-101311.4,0,0,a1,83788.6,1,0,cca2,59849.0
2,3,djd,-88971.4,1,0,a2,59849.0,0,0,aa1,83788.6
0,1,1a1,-101311.4,1,0,a2,59849.0,1,0,cca2,59849.0
0,1,1a1,-101311.4,1,0,a2,59849.0,1,0,cca2,59849.0
0,2,1ea1,-101311.4,2,0,a3,95758.4,0,0,aa1,83788.6
2,4,sxa,-101311.4,0,0,a1,83788.6,0,0,aa1,83788.6
1,2,v,-261361.2,1,0,a2,59849.0,1,0,cca2,59849.0
1,4,ssxa,-205831.2,0,0,a1,83788.6,2,0,aaa3,95758.4
1,3,dxjd,-187321.2,0,0,a1,83788.6,0,0,aa1,83788.6
1,4,ssxa,-205831.2,2,0,a3,95758.4,0,0,aa1,83788.6
2,5,ssb,-113651.4,0,0,a1,83788.6,2,0,aaa3,95758.4
1,1,a1,-242851.2,1,0,a2,59849.0,0,0,aa1,83788.6
0,3,1eea1,-101311.4,1,0,a2,59849.0,1,0,cca2,59849.0
0,2,1ea1,-101311.4,0,0,a1,83788.6,0,0,aa1,83788.6
1,3,dxjd,-187321.2,1,0,a2,59849.0,1,0,cca2,59849.0
1,3,dxjd,-187321.2,1,0,a2,59849.0,0,0,aa1,83788.6
0,0,a1,-101311.4,0,0,a1,83788.6,1,0,cca2,59849.0
0,0,a1,-101311.4,1,0,a2,59849.0,1,0,cca2,59849.0
0,2,1ea1,-101311.4,1,0,a2,59849.0,0,0,aa1,83788.6
1,4,ssxa,-205831.2,1,0,a2,59849.0,1,0,cca2,59849.0
2,5,ssb,-113651.4,2,0,a3,95758.4,1,0,cca2,59849.0
1,5,sssbbv,-224341.2,1,0,a2,59849.0,0,0,aa1,83788.6
0,1,1a1,-101311.4,1,0,a2,59849.0,1,0,cca2,59849.0
1,3,dxjd,-187321.2,0,0,a1,83788.6,1,0,cca2,59849.0
1,2,v,-261361.2,0,0,a1,83788.6,1,0,cca2,59849.0
2,3,djd,-88971.4,1,0,a2,59849.0,1,0,cca2,59849.0
0,1,1a1,-101311.4,0,0,a1,83788.6,2,0,aaa3,95758.4
1,3,dxjd,-187321.2,1,0,a2,59849.0,1,0,cca2,59849.0
2,4,sxa,-101311.4,1,0,a2,59849.0,2,0,aaa3,95758.4
1,3,dxjd,-187321.2,0,0,a1,83788.6,1,0,cca2,59849.0
1,2,v,-261361.2,0,0,a1,83788.6,2,0,aaa3,95758.4
2,3,djd,-88971.4,1,0,a2,59849.0,1,0,cca2,59849.0
1,2,v,-261361.2,1,0,a2,59849.0,2,0,aaa3,95758.4
0,0,a1,-101311.4,2,0,a3,95758.4,1,0,cca2,59849.0
1,3,dxjd,-187321.2,0,0,a1,83788.6,1,0,cca2,59849.0
1,5,sssbbv,-224341.2,2,0,a3,95758.4,1,0,cca2,59849.0
0,1,1a1,-101311.4,1,0,a2,59849.0,2,0,aaa3,95758.4
1,3,dxjd,-187321.2,1,0,a2,59849.0,1,0,cca2,59849.0
1,3,dxjd,-187321.2,1,0,a2,59849.0,0,0,aa1,83788.6
1,5,sssbbv,-224341.2,1,0,a2,59849.0,1,0,cca2,59849.0
1,4,ssxa,-205831.2,1,0,a2,59849.0,2,0,aaa3,95758.4
1,2,v,-261361.2,2,0,a3,95758.4,0,0,aa1,83788.6
1,5,sssbbv,-224341.2,0,0,a1,83788.6,1,0,cca2,59849.0
1,2,v,-261361.2,0,0,a1,83788.6,1,0,cca2,59849.0
0,0,a1,-101311.4,1,0,a2,59849.0,0,0,aa1,83788.6
2,5,ssb,-113651.4,1,0,a2,59849.0,0,0,aa1,83788.6
1,5,sssbbv,-224341.2,1,0,a2,59849.0,0,0,aa1,83788.6
1,3,dxjd,-187321.2,2,0,a3,95758.4,0,0,aa1,83788.6
1,3,dxjd,-187321.2,1,0,a2,59849.0,1,0,cca2,59849.0
1,3,dxjd,-187321.2,2,0,a3,95758.4,1,0,cca2,59849.0
1,4,ssxa,-205831.2,1,0,a2,59849.0,1,0,cca2,59849.0
2,5,ssb,-113651.4,1,0,a2,59849.0,1,0,cca2,59849.0
2,5,ssb,-113651.4,1,0,a2,59849.0,1,0,cca2,59849.0
2,3,djd,-88971.4,1,0,a2,59849.0,2,0,aaa3,95758.4
1,3,dxjd,-187321.2,0,0,a1,83788.6,1,0,cca2,59849.0
1,3,dxjd,-187321.2,1,0,a2,59849.0,1,0,cca2,59849.0
1,2,v,-261361.2,1,0,a2,59849.0,2,0,aaa3,95758.4
2,2,v,-138331.4,0,0,a1,83788.6,1,0,cca2,59849.0
0,2,1ea1,-101311.4,2,0,a3,95758.4,1,0,cca2,59849.0
1,4,ssxa,-205831.2,2,0,a3,95758.4,0,0,aa1,83788.6
1,1,a1,-242851.2,2,0,a3,95758.4,1,0,cca2,59849.0
1,4,ssxa,-205831.2,1,0,a2,59849.0,0,0,aa1,83788.6
1,3,dxjd,-187321.2,1,0,a2,59849.0,0,0,aa1,83788.6
1,5,sssbbv,-224341.2,0,0,a1,83788.6,1,0,cca2,59849.0
0,2,1ea1,-101311.4,1,0,a2,59849.0,1,0,cca2,59849.0
1,5,sssbbv,-224341.2,1,0,a2,59849.0,0,0,aa1,83788.6
1,4,ssxa,-205831.2,1,0,a2,59849.0,1,0,cca2,59849.0
1,5,sssbbv,-224341.2,0,0,a1,83788.6,1,0,cca2,59849.0
2,4,sxa,-101311.4,1,0,a2,59849.0,1,0,cca2,59849.0
0,0,a1,-101311.4,1,0,a2,59849.0,1,0,cca2,59849.0
1,1,a1,-242851.2,1,0,a2,59849.0,0,0,aa1,83788.6
2,3,djd,-88971.4,1,0,a2,59849.0,2,0,aaa3,95758.4
0,0,a1,-101311.4,0,0,a1,83788.6,0,0,aa1,83788.6
2,3,djd,-88971.4,0,0,a1,83788.6,0,0,aa1,83788.6
2,3,djd,-88971.4,2,0,a3,95758.4,2,0,aaa3,95758.4
0,3,1eea1,-101311.4,0,0,a1,83788.6,2,0,aaa3,95758.4
2,1,a,-125991.4,0,0,a1,83788.6,2,0,aaa3,95758.4
1,3,dxjd,-187321.2,0,0,a1,83788.6,1,0,cca2,59849.0
2,3,djd,-88971.4,1,0,a2,59849.0,1,0,cca2,59849.0
0,2,1ea1,-101311.4,1,0,a2,59849.0,0,0,aa1,83788.6
1,3,dxjd,-187321.2,2,0,a3,95758.4,0,0,aa1,83788.6
2,1,a,-125991.4,0,0,a1,83788.6,0,0,aa1,83788.6
0,2,1ea1,-101311.4,2,0,a3,95758.4,2,0,aaa3,95758.4
2,3,djd,-88971.4,2,0,a3,95758.4,2,0,aaa3,95758.4
2,3,djd,-88971.4,0,0,a1,83788.6,1,0,cca2,59849.0
0,2,1ea1,-101311.4,2,0,a3,95758.4,0,0,aa1,83788.6
2,2,v,-138331.4,2,0,a3,95758.4,1,0,cca2,59849.0
1,5,sssbbv,-224341.2,2,0,a3,95758.4,0,0,aa1,83788.6
2,3,djd,-88971.4,0,0,a1,83788.6,0,0,aa1,83788.6
2,4,sxa,-101311.4,1,0,a2,59849.0,0,0,aa1,83788.6
1,4,ssxa,-205831.2,1,0,a2,59849.0,0,0,aa1,83788.6
2,5,ssb,-113651.4,2,0,a3,95758.4,0,0,aa1,83788.6
2,3,djd,-88971.4,1,0,a2,59849.0,1,0,cca2,59849.0
1,1,a1,-242851.2,0,0,a1,83788.6,2,0,aaa3,95758.4
